{
  "model": "extra_trees",
  "fit_seconds": 9.5,
  "n_features": 34,
  "train": {
    "n": 202082,
    "positive_rate": 0.5178244475015092,
    "roc_auc": 0.8593783889299732,
    "pr_auc": 0.870317150288472,
    "brier": 0.1912426815288552,
    "ece_15bin": 0.16730071655966253
  },
  "val": {
    "n": 13154,
    "positive_rate": 0.5099589478485632,
    "roc_auc": 0.5498250129371647,
    "pr_auc": 0.5629636978893854,
    "brier": 0.24751971929172337,
    "ece_15bin": 0.020031628104885433
  },
  "test": {
    "n": 13414,
    "positive_rate": 0.5162516773520203,
    "roc_auc": 0.5193649013353896,
    "pr_auc": 0.5429937006755932,
    "brier": 0.2509562265235521,
    "ece_15bin": 0.03774749711124918
  }
}