{
  "metric": "brier",
  "point": 0.2587946355342865,
  "bootstrap_mean": 0.2586676290631294,
  "ci95_lo": 0.25487979128956795,
  "ci95_hi": 0.2616789922118187,
  "n_boot_ok": 300,
  "n_wallets": 4187
}