{
  "metric": "roc_auc",
  "model": "mlp",
  "point": 0.5787015738380921,
  "bootstrap_mean": 0.5786733115692143,
  "ci95_lo": 0.563279040856588,
  "ci95_hi": 0.5938083784715985,
  "n_boot_ok": 1000,
  "n_wallets": 4187,
  "n_rows": 13414
}