{
  "metric": "roc_auc",
  "point": 0.5403239806548488,
  "bootstrap_mean": 0.5404766749402249,
  "ci95_lo": 0.5265602985325668,
  "ci95_hi": 0.556444648609034,
  "n_boot_ok": 300,
  "n_wallets": 4187
}