{
  "log_payoff_if_correct": -0.6443247738127591,
  "contrarian_strength": -0.632343249327331,
  "contrarian_score": 0.5571405757762651,
  "log_taker_prior_volume_total_usd": -0.25444835493716567,
  "log_taker_prior_trades_total": 0.2522546977179262,
  "taker_first_trade_in_market": 0.23626860470728747,
  "log_size_vs_taker_avg": -0.20242610929572089,
  "log_time_to_deadline_hours": 0.20043558609207252,
  "implied_variance": -0.19885569570236275,
  "taker_position_size_before_trade": -0.15322729584588893,
  "risk_reward_ratio_pre": 0.13025498520686207,
  "outcome_yes": 0.11141839546757315,
  "is_within_24h_of_deadline": 0.10867781494815147,
  "signed_oi_autocorr_1h": -0.10282605568869263,
  "log_taker_first_minutes_ago_in_market": 0.09747226512924763,
  "consensus_strength": 0.07793687668600427,
  "distance_from_boundary": -0.07793687668600399,
  "log_taker_cumvol_in_market": 0.07772739711935817,
  "is_within_5min_of_deadline": 0.07457264056225123,
  "market_price_vol_last_24h": -0.07288980714809724,
  "taker_yes_share_global": 0.06613150255218486,
  "yes_buy_pressure_5min": 0.06451224646830596,
  "is_long_shot_buy": 0.061959191663227595,
  "days_from_first_usdc_to_t": -0.057101062910138174,
  "side_buy": 0.05508246898453822,
  "log_n_trades_to_date": -0.05451473906318943,
  "wallet_polygon_age_at_t_days": 0.05258738321478372,
  "hour_of_day_sin": 0.05215878599014565,
  "log_taker_prior_trades_in_market": -0.04770894835193776,
  "recent_price_mean_5min": 0.04687481066858646,
  "log_same_block_trade_count": 0.04656958251857497,
  "order_flow_imbalance_5min": -0.04530786629026359,
  "avg_trade_size_recent_1h": -0.0438021751992853,
  "jump_component_1h": -0.04005309691635091,
  "market_buy_share_running": 0.039955173541527805,
  "realized_vol_1h": 0.03599961918798024,
  "log_recent_volume_24h": 0.03575495010049813,
  "wallet_log_n_inbound_at_t": 0.03466256708391439,
  "taker_directional_purity_in_market": 0.032506124978626455,
  "log_trade_count_1h": 0.03146304078208182,
  "wallet_log_polygon_nonce_at_t": -0.03036783016533342,
  "token_side_skew_5min": -0.02919761924601133,
  "yes_volume_share_recent_5min": -0.02919761924601095,
  "pre_trade_price_change_24h": 0.02687337521346375,
  "taker_traded_in_event_id_before": 0.026309674248856316,
  "pre_trade_price": 0.025746848264982188,
  "pre_trade_price_change_1h": 0.02515019377720721,
  "market_price_vol_last_1h": -0.023410401065202136,
  "log_size": -0.02274186175163971,
  "order_flow_imbalance_24h": -0.020759782207236725,
  "pct_time_elapsed": 0.020722305014793774,
  "log_trade_count_5min": -0.01929356872812527,
  "log_time_since_last_trade": -0.012480864986873463,
  "log_recent_volume_1h": 0.010974149225635768,
  "day_of_week_cos": -0.007756674811038782,
  "trade_size_to_recent_volume_ratio": 0.007678095964269554,
  "day_of_week_sin": -0.006525280307596631,
  "market_price_vol_last_5min": -0.006466107977254344,
  "yes_volume_share_recent_1h": -0.005784014722780311,
  "recent_price_high_1h": -0.005338183340705865,
  "recent_price_mean_1h": 0.0044166274971511234,
  "recent_price_mean_24h": -0.0040859301439660775,
  "recent_price_range_1h": -0.0037214425055479847,
  "wallet_polygon_nonce_at_t": 0.003682480743723155,
  "log_recent_volume_5min": 0.003514497915675397,
  "log_maker_prior_trades_in_market": 0.0030092862299336874,
  "order_flow_imbalance_1h": -0.0029827909122449874,
  "log_taker_burst_5min": 0.0025456674972587348,
  "pre_trade_price_change_5min": -0.0023498432704440885,
  "wallet_n_inbound_at_t": -0.00208183181227038,
  "recent_price_low_1h": 0.0018940854373451844,
  "is_within_1h_of_deadline": -0.0018174546740015087,
  "wallet_log_cex_usdc_cum": -0.001440712703116913,
  "wallet_cex_usdc_cumulative_at_t": 0.001340641661977388,
  "log_trade_count_24h": 0.0007598918829778659,
  "trade_size_vs_recent_avg": -0.0007137897876753937,
  "wallet_funded_by_cex_scoped": -0.0006066283992317515,
  "log_taker_unique_markets_traded": -0.00013010555841321136,
  "wallet_n_cex_deposits_at_t": -9.897554565122634e-05,
  "wallet_enriched": 0.0
}