{
  "pc_0": -0.011234698532561156,
  "pc_1": -0.02446482388501149,
  "pc_2": -0.08622821454946511,
  "pc_3": 0.03828982807455583,
  "pc_4": -0.03800548587333759,
  "pc_5": 0.03385568007395527,
  "pc_6": -0.0027934400170819074,
  "pc_7": 0.0766209239291304,
  "pc_8": -0.058676631656263904,
  "pc_9": -0.08593985760667538,
  "pc_10": -0.27724729303931606,
  "pc_11": 0.07013291756562502,
  "pc_12": -0.24990249903103237,
  "pc_13": 0.0728318297343556,
  "pc_14": -0.059088632229811026,
  "pc_15": 0.03316603109826694
}