{
  "pc_0": -0.01576778323668609,
  "pc_1": 7.524712513251095e-05,
  "pc_2": -0.13652375724125126,
  "pc_3": -0.21512012791659532,
  "pc_4": 0.023072735637241982,
  "pc_5": -0.031790527007427016,
  "pc_6": 0.08771923467391271,
  "pc_7": 0.07209766152292359,
  "pc_8": 0.025972812023697948,
  "pc_9": -0.057735749388524535,
  "pc_10": 0.028961218471349387,
  "pc_11": -0.02311040020859,
  "pc_12": 0.09143221287889475,
  "pc_13": -0.05381689781825373,
  "pc_14": 0.0330160486700477,
  "pc_15": 0.028188364654362235,
  "pc_16": 0.06354920184137504,
  "pc_17": -0.01654644608565845,
  "pc_18": 0.027440463637728816,
  "pc_19": 0.0172304487431123
}