{
  "model": "pca_logreg",
  "cv_oof_auc": 0.6432063905418038,
  "cv_oof_brier": 0.23475462812817888,
  "cv_fold_aucs": [
    0.6856480577797212,
    0.5099786036841948,
    0.6133639071632946,
    0.687428423311224,
    0.6969962657675652
  ],
  "cv_fold_auc_mean": 0.6386830515412,
  "cv_fold_auc_std": 0.07097626082514906,
  "test_raw_auc": 0.6354364547576588,
  "test_raw_brier": 0.23702389835203402,
  "test_raw_ece": 0.028536107977329007,
  "test_raw_n": 257177,
  "test_raw_pos_rate": 0.503734781881739,
  "test_calibrated_auc": 0.6353363846283976,
  "test_calibrated_brier": 0.2366279288523472,
  "test_calibrated_ece": 0.02204034450528541,
  "test_calibrated_n": 257177,
  "test_calibrated_pos_rate": 0.503734781881739,
  "per_market_auc_min": 0.3274444920793623,
  "per_market_auc_max": 0.748777149528709,
  "per_market_auc_mean": 0.6269513599334375,
  "n_features": 64,
  "n_train": 1114003,
  "n_test": 257177
}