{
  "elbow_k": 16,
  "k_max_searched": 50,
  "var_ratio": [
    0.19592239394484548,
    0.10061461527546539,
    0.06539169514341675,
    0.06210395952120919,
    0.05964135766504039,
    0.04470784861214798,
    0.038486269823293846,
    0.030184527618349763,
    0.02840833249910154,
    0.026861176725664352,
    0.024766261393523455,
    0.022717676700203412,
    0.021305754450596376,
    0.019722902970084416,
    0.01859512606301486,
    0.017420708989416212,
    0.015877875767903272,
    0.015721337116611906,
    0.0148047543040929,
    0.014467599017301868,
    0.013807840632499457,
    0.013186502346738935,
    0.01233005217098616,
    0.011217802404784843,
    0.01009855415136938,
    0.009056450227225482,
    0.00810772637819126,
    0.007183243548580377,
    0.007046987620454348,
    0.006603695460507132,
    0.006559540706712166,
    0.006056108438702102,
    0.005257912429322132,
    0.004725527359780255,
    0.0042437920282698965,
    0.004001143690363959,
    0.0038447171553962307,
    0.0035194015464753503,
    0.0030081862223135967,
    0.002681545837924144,
    0.0024374230157184775,
    0.0023178008111917124,
    0.0022131840882895766,
    0.0020479760682611706,
    0.001842486557409147,
    0.0015854077835999385,
    0.0014213550973742215,
    0.0011345457393857675,
    0.0011108507339990857,
    0.0007644021058652678
  ],
  "cumvar": [
    0.19592239394484548,
    0.2965370092203109,
    0.36192870436372765,
    0.4240326638849368,
    0.4836740215499772,
    0.5283818701621251,
    0.566868139985419,
    0.5970526676037687,
    0.6254610001028703,
    0.6523221768285347,
    0.6770884382220581,
    0.6998061149222615,
    0.7211118693728579,
    0.7408347723429423,
    0.7594298984059571,
    0.7768506073953733,
    0.7927284831632765,
    0.8084498202798884,
    0.8232545745839813,
    0.8377221736012832,
    0.8515300142337827,
    0.8647165165805216,
    0.8770465687515078,
    0.8882643711562926,
    0.898362925307662,
    0.9074193755348875,
    0.9155271019130787,
    0.9227103454616591,
    0.9297573330821134,
    0.9363610285426205,
    0.9429205692493327,
    0.9489766776880347,
    0.9542345901173569,
    0.9589601174771372,
    0.963203909505407,
    0.967205053195771,
    0.9710497703511672,
    0.9745691718976426,
    0.9775773581199562,
    0.9802589039578803,
    0.9826963269735988,
    0.9850141277847905,
    0.98722731187308,
    0.9892752879413411,
    0.9911177744987503,
    0.9927031822823502,
    0.9941245373797244,
    0.9952590831191102,
    0.9963699338531092,
    0.9971343359589745
  ],
  "var_at_elbow": 0.7768506073953733,
  "var_at_k20": 0.8377221736012832
}