{
  "observed_home_run_pnl_usd": 617872.9478375915,
  "observed_home_run_triggers": 1159,
  "observed_home_run_hit_rate": 0.3684210526315789,
  "random_entry": {
    "n_draws": 1000,
    "pnl_mean_usd": 488846.2785555346,
    "pnl_std_usd": 14694.126702392014,
    "pnl_p025_usd": 460158.94372126553,
    "pnl_p50_usd": 488833.54225517024,
    "pnl_p975_usd": 517653.5724900141,
    "pnl_max_usd": 534373.2031605856,
    "triggers_mean": 939.614,
    "triggers_std": 15.095856679529282,
    "hit_rate_mean": 0.3600027871462055
  },
  "random_seeds_beating_home_run": 0,
  "p_one_sided": 0.000999000999000999,
  "stake_usd": 100.0,
  "gate": {
    "edge_threshold": 0.2,
    "ttd_max_sec": 21600,
    "mip_max": 0.3
  }
}