{
  "log_payoff_if_correct": -0.5537265794358752,
  "log_taker_prior_volume_total_usd": -0.2610432174083145,
  "log_size_vs_taker_avg": -0.2597840887273777,
  "log_taker_prior_trades_total": 0.24498687998803537,
  "taker_first_trade_in_market": 0.21015404787683994,
  "log_time_to_deadline_hours": 0.19048095841155877,
  "log_taker_first_minutes_ago_in_market": 0.09514418743786075,
  "is_within_24h_of_deadline": 0.09374168354078385,
  "signed_oi_autocorr_1h": -0.0807851491157924,
  "market_price_vol_last_24h": -0.07198288208754529,
  "is_within_5min_of_deadline": 0.0701353403687085,
  "hour_of_day_sin": 0.05344541095634193,
  "days_from_first_usdc_to_t": -0.05172591090863245,
  "log_taker_prior_trades_in_market": -0.051638105400648886,
  "wallet_polygon_age_at_t_days": 0.046932221837516,
  "distance_from_boundary": -0.03989519638677951,
  "consensus_strength": 0.039895196386778756,
  "log_trade_count_1h": 0.03964977858879485,
  "implied_variance": -0.038141071033617836,
  "recent_price_mean_5min": 0.03749746964273948,
  "wallet_log_n_inbound_at_t": 0.037064320074654905,
  "log_recent_volume_24h": 0.0346295283965874,
  "market_price_vol_last_1h": -0.03364655005965271,
  "log_same_block_trade_count": 0.03319919119808804,
  "avg_trade_size_recent_1h": -0.03236445039657496,
  "wallet_log_polygon_nonce_at_t": -0.0320164963885875,
  "jump_component_1h": -0.029028965533297063,
  "taker_traded_in_event_id_before": 0.028957060307000036,
  "risk_reward_ratio_pre": 0.028247423544181867,
  "log_taker_cumvol_in_market": 0.02781037116954079,
  "log_n_trades_to_date": -0.025133116435733134,
  "log_trade_count_5min": -0.022958856684533686,
  "log_time_since_last_trade": -0.020651434144558212,
  "log_maker_prior_trades_in_market": 0.019624990615796086,
  "log_taker_unique_markets_traded": 0.018600081968475693,
  "realized_vol_1h": 0.018233103539934698,
  "pre_trade_price_change_5min": -0.014980431910367308,
  "trade_size_vs_recent_avg": -0.014286167466310435,
  "recent_price_mean_24h": -0.014259629733678239,
  "pre_trade_price_change_1h": 0.013391250447472896,
  "pct_time_elapsed": 0.012622149543700821,
  "pre_trade_price_change_24h": 0.011771204501301044,
  "trade_size_to_recent_volume_ratio": 0.010884729457041298,
  "recent_price_mean_1h": -0.01071624137835273,
  "log_recent_volume_5min": 0.010168895712500146,
  "pre_trade_price": 0.008764943087026808,
  "is_within_1h_of_deadline": 0.008437726492390892,
  "day_of_week_cos": -0.007952982539974252,
  "day_of_week_sin": -0.007058127495578921,
  "wallet_polygon_nonce_at_t": 0.006496599393265205,
  "recent_price_low_1h": 0.005024765613045469,
  "market_price_vol_last_5min": -0.004851272568305821,
  "log_taker_burst_5min": 0.004460770024465843,
  "recent_price_range_1h": -0.004106989565947966,
  "wallet_n_inbound_at_t": -0.0035771031709939446,
  "recent_price_high_1h": -0.002840211843976368,
  "log_size": 0.0015451008641429653,
  "wallet_cex_usdc_cumulative_at_t": 0.0014782725204411545,
  "log_recent_volume_1h": -0.0011565051358747604,
  "wallet_log_cex_usdc_cum": -0.0009631942953446618,
  "wallet_funded_by_cex_scoped": -0.000955594485411252,
  "log_trade_count_24h": 0.0002727598928223201,
  "wallet_n_cex_deposits_at_t": -0.00013562371322627844,
  "wallet_enriched": 0.0
}