{
  "log_payoff_if_correct": -0.6861781231333933,
  "contrarian_strength": -0.6252343347722663,
  "contrarian_score": 0.5698784093295907,
  "log_time_to_deadline_hours": 0.2084805683821518,
  "implied_variance": -0.20752346142339864,
  "taker_first_trade_in_market": 0.18309115684397884,
  "outcome_yes": 0.1525490290145931,
  "risk_reward_ratio_pre": 0.14922593896199232,
  "log_size": -0.11356555557397181,
  "market_price_vol_last_24h": -0.10511431289218923,
  "is_within_24h_of_deadline": 0.1046982816216551,
  "signed_oi_autocorr_1h": -0.0999198848635999,
  "consensus_strength": 0.0901477941608589,
  "distance_from_boundary": -0.09014779416085787,
  "log_taker_prior_trades_in_market": 0.07227881501415125,
  "is_within_5min_of_deadline": 0.06728574691997295,
  "is_long_shot_buy": 0.06691572384725433,
  "hour_of_day_sin": 0.06238637143890083,
  "side_buy": 0.04945632006751308,
  "log_n_trades_to_date": -0.04897384423211385,
  "yes_buy_pressure_5min": 0.04576826273082452,
  "recent_price_mean_5min": 0.044418023952235014,
  "avg_trade_size_recent_1h": -0.04329127584285338,
  "market_buy_share_running": 0.04259143481532696,
  "market_price_vol_last_1h": -0.03745315919578677,
  "log_recent_volume_24h": 0.03737657259794196,
  "jump_component_1h": -0.0342779931146092,
  "order_flow_imbalance_5min": -0.032686920220779576,
  "log_taker_cumvol_in_market": 0.032113797142762406,
  "log_trade_count_1h": 0.03147672794409865,
  "realized_vol_1h": 0.02940643421407158,
  "log_same_block_trade_count": 0.026547356803328266,
  "pct_time_elapsed": 0.02539163828576385,
  "token_side_skew_5min": -0.02518481762918237,
  "yes_volume_share_recent_5min": -0.025184817629182198,
  "pre_trade_price_change_24h": 0.02452951709797771,
  "pre_trade_price_change_1h": 0.02316688793472101,
  "pre_trade_price": 0.02295714504057935,
  "order_flow_imbalance_24h": -0.021110618968559352,
  "trade_size_vs_recent_avg": -0.016747528801950524,
  "log_time_since_last_trade": -0.015235173051764495,
  "trade_size_to_recent_volume_ratio": 0.011474471133069965,
  "log_trade_count_24h": -0.01120739143048662,
  "is_within_1h_of_deadline": 0.010542736379823857,
  "market_price_vol_last_5min": -0.009507005045823497,
  "is_us_market_hours": 0.009484698837943879,
  "kyle_lambda_market_static": -0.007922747142943826,
  "day_of_week_sin": -0.00775918573656463,
  "hour_of_day_cos": -0.007010473396344981,
  "log_trade_count_5min": -0.006565165236648802,
  "recent_price_mean_24h": -0.006429663805022848,
  "day_of_week_cos": -0.006405354389022488,
  "yes_volume_share_recent_1h": -0.0062717936565677215,
  "log_maker_prior_trades_in_market": 0.005702219310577082,
  "trade_intra_block_position": 0.005165300485363981,
  "log_recent_volume_1h": 0.004380023427240366,
  "recent_price_high_1h": -0.004250929061809213,
  "pre_trade_price_change_5min": -0.0038214877175617693,
  "recent_price_range_1h": -0.003493054385086177,
  "sister_price_dispersion_5min": 0.0025286897410448836,
  "recent_price_low_1h": 0.002508466613403064,
  "recent_price_mean_1h": 0.0020612495107733123,
  "order_flow_imbalance_1h": -0.001819938672141203,
  "log_recent_volume_5min": 0.0017187739789506831,
  "is_first_trade_after_quiet": -0.0010864692374498621
}