{
  "model": "logreg_l2",
  "cv_oof_auc": 0.6441794844728512,
  "cv_oof_brier": 0.2337015693558784,
  "cv_fold_aucs": [
    0.6955908377662431,
    0.5023396375657301,
    0.6176857952509546,
    0.6997684844062704,
    0.7112569577294462
  ],
  "cv_fold_auc_mean": 0.6453283425437288,
  "cv_fold_auc_std": 0.07879912429009824,
  "test_raw_auc": 0.6373983463444487,
  "test_raw_brier": 0.23501207752929804,
  "test_raw_ece": 0.019196055793222717,
  "test_raw_n": 257177,
  "test_raw_pos_rate": 0.503734781881739,
  "test_calibrated_auc": 0.637402421956816,
  "test_calibrated_brier": 0.23554113368517263,
  "test_calibrated_ece": 0.02595253464786502,
  "test_calibrated_n": 257177,
  "test_calibrated_pos_rate": 0.503734781881739,
  "per_market_auc_min": 0.32316195282429677,
  "per_market_auc_max": 0.7544430966914026,
  "per_market_auc_mean": 0.6307299207344629,
  "n_features": 64,
  "n_train": 1114003,
  "n_test": 257177
}