model,test_auc_cal_mean,ci_lower_2_5,ci_upper_97_5,ci_width
decision_tree,0.5416424877214691,0.5395482746758417,0.5437550925361981,0.004206817860356482
hist_gbm,0.561464618054297,0.5594420281104044,0.5635986446577175,0.00415661654731303
lightgbm,0.5637978445252421,0.5616458496303985,0.5660172772367318,0.004371427606333245
logreg_l1,0.5435443125248032,0.5413712580041186,0.5455758721850023,0.004204614180883692
logreg_l2,0.5435831389076196,0.5413776992252354,0.5456349758453164,0.004257276620081019
mlp_sklearn,0.5496245651796746,0.5471156352043663,0.5517466619956309,0.004631026791264592
pca_logreg,0.5345242599025446,0.5323087273423569,0.5365914442871518,0.004282716944794873
random_forest,0.5554470308534123,0.5531538167006909,0.5574441340118774,0.0042903173111865645
