model,test_auc_raw,test_auc_cal,brier_raw,brier_cal,ece_raw,ece_cal
lightgbm,0.5637615447933984,0.5637083107754102,0.24889589887819125,0.24707012526238825,0.04421488792701925,0.021727441065790568
hist_gbm,0.5614401750208272,0.5614237620723147,0.24648978333324453,0.24619044118253386,0.02796584520745992,0.016344584060464018
random_forest,0.55534637050377,0.5554290955189424,0.2455597710346517,0.2459576149628867,0.013878547409486448,0.016237442168467023
mlp_sklearn,0.5496210700149995,0.5495912266546913,0.2620592518335693,0.24859681370901926,0.10063948256492378,0.033230760735487995
logreg_l2,0.5436351455871034,0.5435171404107098,0.24912744310613974,0.24830779029288919,0.02680114483074469,0.017405278573984304
logreg_l1,0.5435916087522794,0.5434804852107616,0.24913006436161297,0.24831582036567848,0.02678726843223934,0.017436908425839785
decision_tree,0.5419080744471444,0.5416235225358874,0.2529340361729319,0.2489483341805601,0.042326563214953344,0.020751525649643915
pca_logreg,0.5346447913581531,0.534541606057034,0.24950982579367845,0.24908851513449312,0.02397523422175703,0.01963888351996725
