model,fit_sec,predict_per_1k_sec,n_params
logreg_l2,1.3858497142791748,2.3096779571020456e-05,43
logreg_l1,17.13597011566162,3.949091338871034e-05,43
decision_tree,18.089300870895386,3.713432618193768e-05,411
random_forest,44.476999044418335,0.0007172646769101463,180604
hist_gbm,11.953697204589844,0.0007295714019966558,12200
pca_logreg,0.7928459644317627,9.89590485393184e-05,-1
mlp_sklearn,94.39370918273926,0.0002634482793358878,4929
lightgbm,8.675215005874634,0.0013125467634712972,400
