{
  "model": "hist_gbm",
  "cv_oof_auc": 0.8140896249727434,
  "cv_oof_brier": 0.17325617386399114,
  "cv_fold_aucs": [
    0.7828065547224419,
    0.5814869488747882,
    0.7945987888266784,
    0.913795490607676,
    0.9621281256098636
  ],
  "cv_fold_auc_mean": 0.8069631817282896,
  "cv_fold_auc_std": 0.13195851958263555,
  "test_raw_auc": 0.7610377948465604,
  "test_raw_brier": 0.19275026458703456,
  "test_raw_ece": 0.05151871280071456,
  "test_raw_n": 257177,
  "test_raw_pos_rate": 0.503734781881739,
  "test_calibrated_auc": 0.7609254220368473,
  "test_calibrated_brier": 0.19441873309725705,
  "test_calibrated_ece": 0.05096170422043496,
  "test_calibrated_n": 257177,
  "test_calibrated_pos_rate": 0.503734781881739,
  "per_market_auc_min": 0.24628208985260588,
  "per_market_auc_max": 0.982643885195482,
  "per_market_auc_mean": 0.6959555224749824,
  "n_features": 64,
  "n_train": 1114003,
  "n_test": 257177
}