{
  "model": "logreg_l1",
  "fit_seconds": 44.3,
  "n_features": 34,
  "train": {
    "n": 202082,
    "positive_rate": 0.5178244475015092,
    "roc_auc": 0.5551537488930958,
    "pr_auc": 0.5680408273326188,
    "brier": 0.24713749370048466,
    "ece_15bin": 0.02046440537067196
  },
  "val": {
    "n": 13154,
    "positive_rate": 0.5099589478485632,
    "roc_auc": 0.5586492277201858,
    "pr_auc": 0.5492155404274972,
    "brier": 0.25632189933284316,
    "ece_15bin": 0.049391319431092005
  },
  "test": {
    "n": 13414,
    "positive_rate": 0.5162516773520203,
    "roc_auc": 0.5320864133860523,
    "pr_auc": 0.5565884076674548,
    "brier": 0.2502618403625583,
    "ece_15bin": 0.05055452162790463
  }
}