{
  "models": [
    "logreg_l2",
    "random_forest",
    "hist_gbm"
  ],
  "best_model": "random_forest",
  "test_n": 257177,
  "test_base_rate": 0.503734781881739,
  "stake_per_signal_usd": 100.0,
  "all_results": {
    "logreg_l2": {
      "general_ev_edge>0.02": {
        "name": "general_ev_edge>0.02",
        "n_trades": 119796,
        "hit_rate": 0.2695582490233397,
        "total_pnl": -1296017.908097025,
        "mean_pnl_per_trade": -10.818540753422694,
        "sharpe": -0.06896218113632932,
        "max_drawdown": 6724605.753000378,
        "n_markets": 10,
        "mean_edge": 0.25193562106412937,
        "median_cost": 0.21
      },
      "home_run_edge>0.20_late_cheap": {
        "name": "home_run_edge>0.20_late_cheap",
        "n_trades": 314,
        "hit_rate": 0.0,
        "total_pnl": -31400.0,
        "mean_pnl_per_trade": -100.0,
        "sharpe": null,
        "max_drawdown": 31300.0,
        "n_markets": 1,
        "mean_edge": 0.35906773084760757,
        "median_cost": 0.005
      },
      "top_1pct_by_p_hat": {
        "name": "top_1pct_by_p_hat",
        "n_trades": 2571,
        "hit_rate": 0.7899649941656943,
        "total_pnl": -50823.61166498999,
        "mean_pnl_per_trade": -19.768032541808633,
        "sharpe": -0.4551310452688911,
        "max_drawdown": 51253.763221471825,
        "n_markets": 7,
        "mean_edge": 0.047327330537241266,
        "median_cost": 0.986
      },
      "top_1pct_by_edge": {
        "name": "top_1pct_by_edge",
        "n_trades": 2571,
        "hit_rate": 0.0031116297160637884,
        "total_pnl": -250540.93406593407,
        "mean_pnl_per_trade": -97.44882694124234,
        "sharpe": -2.051348920069355,
        "max_drawdown": 252271.42857142858,
        "n_markets": 6,
        "mean_edge": 0.7065015469565357,
        "median_cost": 0.023
      },
      "magamyman_filter": {
        "name": "magamyman_filter",
        "n_trades": 11,
        "hit_rate": 0.0,
        "total_pnl": -1100.0,
        "mean_pnl_per_trade": -100.0,
        "sharpe": null,
        "max_drawdown": 1000.0,
        "n_markets": 1,
        "mean_edge": 0.8217868520207094,
        "median_cost": 0.006
      },
      "contrarian_passing_general": {
        "name": "contrarian_passing_general",
        "n_trades": 119589,
        "hit_rate": 0.2692973434011489,
        "total_pnl": -1291086.9893611316,
        "mean_pnl_per_trade": -10.796034663398235,
        "sharpe": -0.06877913801760369,
        "max_drawdown": 6723698.060692686,
        "n_markets": 10,
        "mean_edge": 0.2522853251487245,
        "median_cost": 0.21
      },
      "baseline_random_1pct": {
        "name": "baseline_random_1pct",
        "n_trades": 2571,
        "hit_rate": 0.5095293660054454,
        "total_pnl": -26355.730271380155,
        "mean_pnl_per_trade": -10.251159187623553,
        "sharpe": -0.08835009345485131,
        "max_drawdown": 56040.8494637434,
        "n_markets": 10,
        "mean_edge": -0.020886851287866933,
        "median_cost": 0.51
      },
      "baseline_follow_crowd_all": {
        "name": "baseline_follow_crowd_all",
        "n_trades": 131048,
        "hit_rate": 0.7133950918747329,
        "total_pnl": -1364968.2954354265,
        "mean_pnl_per_trade": -10.41578883642197,
        "sharpe": -0.17196169963439645,
        "max_drawdown": 2694704.0423082886,
        "n_markets": 10,
        "mean_edge": -0.26128893486075805,
        "median_cost": 0.78
      },
      "baseline_buy_every_trade": {
        "name": "baseline_buy_every_trade",
        "n_trades": 257177,
        "hit_rate": 0.503734781881739,
        "total_pnl": -2502469.1840460426,
        "mean_pnl_per_trade": -9.730532606127463,
        "sharpe": -0.08334985958517233,
        "max_drawdown": 5655505.113734841,
        "n_markets": 10,
        "mean_edge": -0.01592836545589098,
        "median_cost": 0.51
      },
      "baseline_contrarian_all": {
        "name": "baseline_contrarian_all",
        "n_trades": 126129,
        "hit_rate": 0.2858977713293533,
        "total_pnl": -1137500.8886106163,
        "mean_pnl_per_trade": -9.018551551273825,
        "sharpe": -0.05824284497721598,
        "max_drawdown": 6774699.7842231365,
        "n_markets": 10,
        "mean_edge": 0.2390012058510172,
        "median_cost": 0.22
      }
    },
    "random_forest": {
      "general_ev_edge>0.02": {
        "name": "general_ev_edge>0.02",
        "n_trades": 114774,
        "hit_rate": 0.4530991339501978,
        "total_pnl": 174460.77826680988,
        "mean_pnl_per_trade": 1.520037449830187,
        "sharpe": 0.011226410551210568,
        "max_drawdown": 4299892.088464878,
        "n_markets": 10,
        "mean_edge": 0.13913778640733213,
        "median_cost": 0.32
      },
      "home_run_edge>0.20_late_cheap": {
        "name": "home_run_edge>0.20_late_cheap",
        "n_trades": 4,
        "hit_rate": 0.0,
        "total_pnl": -400.0,
        "mean_pnl_per_trade": -100.0,
        "sharpe": null,
        "max_drawdown": 300.0,
        "n_markets": 1,
        "mean_edge": 0.3929228411653587,
        "median_cost": 0.0045000000000000005
      },
      "top_1pct_by_p_hat": {
        "name": "top_1pct_by_p_hat",
        "n_trades": 2571,
        "hit_rate": 1.0,
        "total_pnl": 5533.198250378141,
        "mean_pnl_per_trade": 2.152158012593598,
        "sharpe": 1.0695788232071812,
        "max_drawdown": 0.0,
        "n_markets": 5,
        "mean_edge": 0.012186392211162397,
        "median_cost": 0.984
      },
      "top_1pct_by_edge": {
        "name": "top_1pct_by_edge",
        "n_trades": 2571,
        "hit_rate": 0.9249319330999611,
        "total_pnl": 383656.61406657775,
        "mean_pnl_per_trade": 149.22466513674746,
        "sharpe": 1.8622855718142501,
        "max_drawdown": 17371.428571428572,
        "n_markets": 8,
        "mean_edge": 0.4380901015187438,
        "median_cost": 0.38
      },
      "magamyman_filter": {
        "name": "magamyman_filter",
        "n_trades": 0,
        "hit_rate": null,
        "total_pnl": 0.0,
        "mean_pnl_per_trade": 0.0,
        "sharpe": null,
        "max_drawdown": 0.0,
        "n_markets": 0,
        "mean_edge": null,
        "median_cost": null
      },
      "contrarian_passing_general": {
        "name": "contrarian_passing_general",
        "n_trades": 77607,
        "hit_rate": 0.3158477972347855,
        "total_pnl": -175919.54041593615,
        "mean_pnl_per_trade": -2.266799907430208,
        "sharpe": -0.014380549131178502,
        "max_drawdown": 4660461.086072213,
        "n_markets": 10,
        "mean_edge": 0.14560259456790925,
        "median_cost": 0.16
      },
      "baseline_random_1pct": {
        "name": "baseline_random_1pct",
        "n_trades": 2571,
        "hit_rate": 0.5095293660054454,
        "total_pnl": -26355.730271380155,
        "mean_pnl_per_trade": -10.251159187623553,
        "sharpe": -0.08835009345485131,
        "max_drawdown": 56040.8494637434,
        "n_markets": 10,
        "mean_edge": -0.0020904056089633156,
        "median_cost": 0.51
      },
      "baseline_follow_crowd_all": {
        "name": "baseline_follow_crowd_all",
        "n_trades": 131048,
        "hit_rate": 0.7133950918747329,
        "total_pnl": -1364968.2954354265,
        "mean_pnl_per_trade": -10.41578883642197,
        "sharpe": -0.17196169963439645,
        "max_drawdown": 2694704.0423082886,
        "n_markets": 10,
        "mean_edge": -0.0585441997350155,
        "median_cost": 0.78
      },
      "baseline_buy_every_trade": {
        "name": "baseline_buy_every_trade",
        "n_trades": 257177,
        "hit_rate": 0.503734781881739,
        "total_pnl": -2502469.1840460426,
        "mean_pnl_per_trade": -9.730532606127463,
        "sharpe": -0.08334985958517233,
        "max_drawdown": 5655505.113734841,
        "n_markets": 10,
        "mean_edge": 7.693437290736182e-05,
        "median_cost": 0.51
      },