{
  "log_time_to_deadline_hours": 0.2524822188895979,
  "pre_trade_price_change_24h": 0.180768283267647,
  "log_n_trades_to_date": 0.12601013562495011,
  "pre_trade_price": 0.10953333023799582,
  "pct_time_elapsed": 0.10633236058147741,
  "log_payoff_if_correct": 0.04950421849950835,
  "outcome_yes": 0.047374682437244256,
  "market_price_vol_last_24h": 0.03127277153675715,
  "side_buy": 0.026539134188716947,
  "consensus_strength": 0.019800036934262837,
  "log_taker_first_minutes_ago_in_market": 0.018814367905688235,
  "taker_position_size_before_trade": 0.01812283685999883,
  "log_time_since_last_trade": 0.0022402793763933726,
  "recent_price_mean_24h": 0.002133717141995819,
  "pre_trade_price_change_1h": 0.0015686513474830247,
  "log_recent_volume_24h": 0.0014075818481305508,
  "is_within_1h_of_deadline": 0.0013919121072848096,
  "taker_directional_purity_in_market": 0.0013683003895734662,
  "risk_reward_ratio_pre": 0.001313326652083755,
  "market_buy_share_running": 0.0008534204497826656,
  "realized_vol_1h": 0.0007771022747932701,
  "pre_trade_price_change_5min": 0.0003697594775413322,
  "log_trade_count_1h": 9.837909965470026e-06,
  "recent_price_mean_1h": 6.734828700354562e-06,
  "log_trade_count_24h": 4.4980339196042876e-06,
  "recent_price_mean_5min": 5.011965061560671e-07,
  "log_taker_unique_markets_traded": 1.0070927756803608e-12,
  "recent_price_low_1h": 9.940208911615955e-13,
  "wallet_polygon_nonce_at_t": 3.145798477638746e-16,
  "jump_component_1h": 7.354767768853543e-17,
  "yes_volume_share_recent_1h": 2.2239177007750954e-17,
  "avg_trade_size_recent_1h": 0.0,
  "contrarian_score": 0.0,
  "contrarian_strength": 0.0,
  "day_of_week_cos": 0.0,
  "day_of_week_sin": 0.0,
  "days_from_first_usdc_to_t": 0.0,
  "distance_from_boundary": 0.0,
  "hour_of_day_sin": 0.0,
  "implied_variance": 0.0,
  "is_long_shot_buy": 0.0,
  "is_within_24h_of_deadline": 0.0,
  "is_within_5min_of_deadline": 0.0,
  "log_maker_prior_trades_in_market": 0.0,
  "log_recent_volume_1h": 0.0,
  "log_recent_volume_5min": 0.0,
  "log_same_block_trade_count": 0.0,
  "log_size": 0.0,
  "log_size_vs_taker_avg": 0.0,
  "log_taker_burst_5min": 0.0,
  "log_taker_cumvol_in_market": 0.0,
  "log_taker_prior_trades_in_market": 0.0,
  "log_taker_prior_trades_total": 0.0,
  "log_taker_prior_volume_total_usd": 0.0,
  "log_trade_count_5min": 0.0,
  "market_price_vol_last_1h": 0.0,
  "market_price_vol_last_5min": 0.0,
  "order_flow_imbalance_1h": 0.0,
  "order_flow_imbalance_24h": 0.0,
  "order_flow_imbalance_5min": 0.0,
  "recent_price_high_1h": 0.0,
  "recent_price_range_1h": 0.0,
  "signed_oi_autocorr_1h": 0.0,
  "taker_first_trade_in_market": 0.0,
  "taker_traded_in_event_id_before": 0.0,
  "taker_yes_share_global": 0.0,
  "token_side_skew_5min": 0.0,
  "trade_size_to_recent_volume_ratio": 0.0,
  "trade_size_vs_recent_avg": 0.0,
  "wallet_cex_usdc_cumulative_at_t": 0.0,
  "wallet_enriched": 0.0,
  "wallet_funded_by_cex_scoped": 0.0,
  "wallet_log_cex_usdc_cum": 0.0,
  "wallet_log_n_inbound_at_t": 0.0,
  "wallet_log_polygon_nonce_at_t": 0.0,
  "wallet_n_cex_deposits_at_t": 0.0,
  "wallet_n_inbound_at_t": 0.0,
  "wallet_polygon_age_at_t_days": 0.0,
  "yes_buy_pressure_5min": 0.0,
  "yes_volume_share_recent_5min": 0.0
}