{
  "contrarian_strength": -0.669418060362258,
  "log_payoff_if_correct": -0.59386075954072,
  "contrarian_score": 0.5465027251447608,
  "log_taker_prior_volume_total_usd": -0.25573862451616164,
  "log_taker_prior_trades_total": 0.25391446536880835,
  "taker_first_trade_in_market": 0.23673237787080162,
  "implied_variance": -0.23423433704088403,
  "log_size_vs_taker_avg": -0.20363450942719258,
  "log_time_to_deadline_hours": 0.1936759719411595,
  "taker_position_size_before_trade": -0.15320744075071208,
  "signed_oi_autocorr_1h": -0.14715439183018092,
  "risk_reward_ratio_pre": 0.1199936907553754,
  "outcome_yes": 0.1113250212025484,
  "is_within_24h_of_deadline": 0.10497045442784883,
  "is_within_5min_of_deadline": 0.10024314740618903,
  "log_taker_first_minutes_ago_in_market": 0.0965157840585151,
  "log_taker_cumvol_in_market": 0.07819991024196539,
  "recent_price_mean_5min": 0.07557002242574859,
  "distance_from_boundary": -0.07244557937424853,
  "market_price_vol_last_24h": -0.06981828990363868,
  "consensus_strength": 0.06648801168274619,
  "taker_yes_share_global": 0.06640576566657985,
  "yes_buy_pressure_5min": 0.06438523984221917,
  "is_long_shot_buy": 0.06213789069451416,
  "days_from_first_usdc_to_t": -0.058538542659282544,
  "token_side_skew_5min": -0.05735666638854602,
  "side_buy": 0.054879224956466376,
  "wallet_polygon_age_at_t_days": 0.053972528156773614,
  "log_n_trades_to_date": -0.052345487828180846,
  "hour_of_day_sin": 0.052042954933721464,
  "log_taker_prior_trades_in_market": -0.04673618914350942,
  "log_same_block_trade_count": 0.04637130540974488,
  "order_flow_imbalance_5min": -0.045109613139350524,
  "pre_trade_price_change_5min": 0.04081323635966976,
  "avg_trade_size_recent_1h": -0.03851305677706372,
  "market_buy_share_running": 0.03841388721573704,
  "jump_component_1h": -0.03707669209449602,
  "log_recent_volume_24h": 0.035138950869982574,
  "wallet_log_n_inbound_at_t": 0.03343944603178264,
  "taker_directional_purity_in_market": 0.032715165162506776,
  "realized_vol_1h": 0.03247960366603654,
  "log_trade_count_1h": 0.03234818140818132,
  "pre_trade_price_change_24h": 0.03101004579546546,
  "wallet_log_polygon_nonce_at_t": -0.028990674577020394,
  "is_within_1h_of_deadline": -0.027045661380156367,
  "taker_traded_in_event_id_before": 0.02655146656976144,
  "market_price_vol_last_1h": -0.025473078679247068,
  "log_size": -0.02219678824464521,
  "order_flow_imbalance_24h": -0.02035185278107692,
  "log_trade_count_5min": -0.01883487186561804,
  "pct_time_elapsed": 0.01722868949957132,
  "log_time_since_last_trade": -0.012597075999595498,
  "day_of_week_cos": -0.007899892146350186,
  "trade_size_to_recent_volume_ratio": 0.007405263942552216,
  "log_recent_volume_1h": 0.006816001053210431,
  "day_of_week_sin": -0.0064595182627124725,
  "recent_price_mean_1h": -0.006158069216836098,
  "yes_volume_share_recent_1h": -0.005967650301302082,
  "market_price_vol_last_5min": -0.005883354602695518,
  "recent_price_high_1h": -0.003958268217043525,
  "recent_price_mean_24h": -0.0036423597832046534,
  "wallet_polygon_nonce_at_t": 0.003419040350614881,
  "log_maker_prior_trades_in_market": 0.0030545550458866318,
  "log_recent_volume_5min": 0.0029167627950064095,
  "order_flow_imbalance_1h": -0.0027813786642605872,
  "recent_price_low_1h": 0.0027487402644715006,
  "log_trade_count_24h": 0.0021308023987971036,
  "wallet_n_inbound_at_t": -0.0016416195597018645,
  "log_taker_burst_5min": 0.0015662798779504442,
  "wallet_log_cex_usdc_cum": -0.0013695486146088854,
  "wallet_cex_usdc_cumulative_at_t": 0.0012784799976850478,
  "recent_price_range_1h": -0.0008177056868916736,
  "yes_volume_share_recent_5min": -0.0006700303158992462,
  "wallet_funded_by_cex_scoped": -0.0005782434028678479,
  "trade_size_vs_recent_avg": -0.0005179204715077595,
  "log_taker_unique_markets_traded": -0.00036863846477522115,
  "wallet_n_cex_deposits_at_t": -0.00010450219053970134,
  "pre_trade_price_change_1h": 8.627771555782832e-05,
  "pre_trade_price": 0.0,
  "wallet_enriched": 0.0
}