{
  "hist_gbm/general_ev": {
    "best": {
      "cost_floor": 0.2,
      "copycats": 1,
      "roi": 1.3114117722479521,
      "n_executed": 3970
    },
    "worst": {
      "cost_floor": 0.001,
      "copycats": 10,
      "roi": -0.8633486017481536,
      "n_executed": 2080
    },
    "headline_floor005_copy10": {
      "roi": -0.8633486017481536,
      "n_executed": 2080,
      "final_capital": 1366.5139825184638
    },
    "roi_range_pct": [
      -86.33486017481536,
      131.1411772247952
    ]
  },
  "hist_gbm/top5pct_edge": {
    "best": {
      "cost_floor": 0.001,
      "copycats": 1,
      "roi": 0.2731997345954447,
      "n_executed": 601
    },
    "worst": {
      "cost_floor": 0.001,
      "copycats": 100,
      "roi": 0.005473433497787119,
      "n_executed": 277
    },
    "headline_floor005_copy10": {
      "roi": 0.10591878894111505,
      "n_executed": 918,
      "final_capital": 11059.18788941115
    },
    "roi_range_pct": [
      0.5473433497787119,
      27.31997345954447
    ]
  },
  "lightgbm/general_ev": {
    "best": {
      "cost_floor": 0.2,
      "copycats": 1,
      "roi": 0.22559768786292606,
      "n_executed": 1256
    },
    "worst": {
      "cost_floor": 0.001,
      "copycats": 10,
      "roi": -0.8704589654313817,
      "n_executed": 2031
    },
    "headline_floor005_copy10": {
      "roi": -0.8704589654313817,
      "n_executed": 2031,
      "final_capital": 1295.4103456861824
    },
    "roi_range_pct": [
      -87.04589654313817,
      22.559768786292604
    ]
  },
  "random_forest/general_ev": {
    "best": {
      "cost_floor": 0.2,
      "copycats": 1,
      "roi": 0.9369300593227036,
      "n_executed": 3702
    },
    "worst": {
      "cost_floor": 0.01,
      "copycats": 1,
      "roi": -0.7652732559304907,
      "n_executed": 1295
    },
    "headline_floor005_copy10": {
      "roi": -0.6648344105090009,
      "n_executed": 2190,
      "final_capital": 3351.6558949099904
    },
    "roi_range_pct": [
      -76.52732559304907,
      93.69300593227035
    ]
  }
}