{
  "log_payoff_if_correct": -0.6638309174904158,
  "contrarian_strength": -0.6441025742550135,
  "contrarian_score": 0.566336108123669,
  "implied_variance": -0.22629536326008867,
  "log_time_to_deadline_hours": 0.19862316492019186,
  "taker_first_trade_in_market": 0.18219931035667394,
  "outcome_yes": 0.15239398177132255,
  "signed_oi_autocorr_1h": -0.15018251812578873,
  "risk_reward_ratio_pre": 0.14557068364483666,
  "log_size": -0.1128310612820704,
  "is_within_24h_of_deadline": 0.10668205596571996,
  "market_price_vol_last_24h": -0.10340588429217643,
  "is_within_5min_of_deadline": 0.09370379742806877,
  "distance_from_boundary": -0.09100349591624908,
  "consensus_strength": 0.08179303481929005,
  "pre_trade_price": 0.07657892888066946,
  "log_taker_prior_trades_in_market": 0.0719475678445644,
  "is_long_shot_buy": 0.06770157043258374,
  "hour_of_day_sin": 0.06238969316141007,
  "side_buy": 0.04863397326956707,
  "yes_buy_pressure_5min": 0.046043540799755624,
  "log_n_trades_to_date": -0.044110369551014605,
  "market_buy_share_running": 0.04160633069401491,
  "avg_trade_size_recent_1h": -0.03982999828521328,
  "recent_price_mean_5min": 0.036135239537765186,
  "log_recent_volume_24h": 0.03381788065607137,
  "jump_component_1h": -0.03354228980875252,
  "market_price_vol_last_1h": -0.03296650503123588,
  "order_flow_imbalance_5min": -0.03252240232785486,
  "log_trade_count_1h": 0.031836263605500084,
  "log_taker_cumvol_in_market": 0.0314096164993567,
  "realized_vol_1h": 0.027264459633752833,
  "log_same_block_trade_count": 0.026359135827639796,
  "token_side_skew_5min": -0.02603171165651862,
  "yes_volume_share_recent_5min": -0.02458928003453043,
  "order_flow_imbalance_24h": -0.021520606030112775,
  "is_within_1h_of_deadline": -0.01924953551789643,
  "pre_trade_price_change_5min": -0.017168936956233314,
  "pct_time_elapsed": 0.01713460420488593,
  "trade_size_vs_recent_avg": -0.017055290605802777,
  "log_time_since_last_trade": -0.015442387491293482,
  "trade_size_to_recent_volume_ratio": 0.011282020167782628,
  "recent_price_mean_24h": -0.010683565830573612,
  "pre_trade_price_change_1h": 0.010314219138280147,
  "log_trade_count_24h": -0.010199523515395627,
  "market_price_vol_last_5min": -0.01006079257080446,
  "recent_price_range_1h": -0.009623947730873678,
  "is_us_market_hours": 0.009197404389062776,
  "kyle_lambda_market_static": -0.008777179892863238,
  "day_of_week_sin": -0.007958200505353813,
  "hour_of_day_cos": -0.007013274089750222,
  "day_of_week_cos": -0.006810580883101106,
  "yes_volume_share_recent_1h": -0.005968054532468715,
  "log_maker_prior_trades_in_market": 0.0055880331928157495,
  "trade_intra_block_position": 0.005187406291855199,
  "recent_price_high_1h": -0.004376525678969916,
  "log_trade_count_5min": -0.004198028717244707,
  "log_recent_volume_1h": 0.0038373824682538505,
  "recent_price_mean_1h": -0.003427488477906889,
  "sister_price_dispersion_5min": 0.00225271945337906,
  "recent_price_low_1h": 0.0021187112341412217,
  "order_flow_imbalance_1h": -0.0014450450263157283,
  "is_first_trade_after_quiet": -0.0008742939883809789,
  "log_recent_volume_5min": 0.0,
  "pre_trade_price_change_24h": 0.0
}