{
  "log_payoff_if_correct": -0.5530155907762889,
  "log_taker_prior_volume_total_usd": -0.2596616064091373,
  "log_size_vs_taker_avg": -0.258832582051467,
  "log_taker_prior_trades_total": 0.24459074340655945,
  "taker_first_trade_in_market": 0.21049055040322198,
  "log_time_to_deadline_hours": 0.18190413575636932,
  "signed_oi_autocorr_1h": -0.15093971668900505,
  "is_within_5min_of_deadline": 0.10748405296515381,
  "is_within_24h_of_deadline": 0.09785150033174123,
  "log_taker_first_minutes_ago_in_market": 0.0956551691157019,
  "market_price_vol_last_24h": -0.07209656416573942,
  "days_from_first_usdc_to_t": -0.06180906872581934,
  "wallet_polygon_age_at_t_days": 0.05702280239369669,
  "hour_of_day_sin": 0.053557179822116184,
  "recent_price_mean_5min": 0.0530443208753293,
  "log_taker_prior_trades_in_market": -0.05264267989294408,
  "consensus_strength": 0.04869168638340822,
  "implied_variance": -0.043410493704799664,
  "log_trade_count_1h": 0.0380374312131784,
  "wallet_log_n_inbound_at_t": 0.03400329566643901,
  "is_within_1h_of_deadline": -0.033742103342907066,
  "market_price_vol_last_1h": -0.033160993621740915,
  "log_same_block_trade_count": 0.03251139320097462,
  "log_recent_volume_24h": 0.0316084824105806,
  "taker_traded_in_event_id_before": 0.02912072976072226,
  "wallet_log_polygon_nonce_at_t": -0.028927323247295255,
  "log_taker_cumvol_in_market": 0.028128715270691204,
  "avg_trade_size_recent_1h": -0.027873609227861394,
  "risk_reward_ratio_pre": 0.02749185668587169,
  "distance_from_boundary": -0.026233394626340188,
  "jump_component_1h": -0.024823235655804153,
  "log_n_trades_to_date": -0.02155397245341292,
  "log_trade_count_5min": -0.021125536953440834,
  "log_time_since_last_trade": -0.020610863882726635,
  "log_maker_prior_trades_in_market": 0.019617310349746054,
  "log_taker_unique_markets_traded": 0.018214210074680135,
  "recent_price_mean_1h": -0.016159000339789717,
  "recent_price_mean_24h": -0.01496916397919408,
  "realized_vol_1h": 0.014688870493590828,
  "trade_size_vs_recent_avg": -0.014057607805046776,
  "trade_size_to_recent_volume_ratio": 0.010789638834193763,
  "log_recent_volume_5min": 0.009166246503020812,
  "pre_trade_price_change_5min": 0.008588427010520825,
  "day_of_week_cos": -0.008486405651122927,
  "pre_trade_price_change_24h": 0.008273887865049788,
  "day_of_week_sin": -0.006721852398500134,
  "recent_price_low_1h": 0.005977712403684905,
  "wallet_polygon_nonce_at_t": 0.005686670080556483,
  "market_price_vol_last_5min": -0.005572111847267282,
  "log_taker_burst_5min": 0.0054448872321896415,
  "pct_time_elapsed": 0.00438907874371683,
  "recent_price_high_1h": -0.004345836130975629,
  "wallet_n_inbound_at_t": -0.0027663274494084495,
  "wallet_cex_usdc_cumulative_at_t": 0.0014225595099139658,
  "recent_price_range_1h": -0.001330117854590529,
  "log_size": 0.0009962438387046443,
  "wallet_log_cex_usdc_cum": -0.0009322643828265363,
  "wallet_funded_by_cex_scoped": -0.0009314657923955007,
  "log_recent_volume_1h": -0.0005505691828476481,
  "wallet_n_cex_deposits_at_t": -0.0001261917325794182,
  "pre_trade_price_change_1h": 3.34926796406744e-05,
  "log_trade_count_24h": 0.0,
  "pre_trade_price": 0.0,
  "wallet_enriched": 0.0
}