{
  "model": "logreg_l1",
  "cv_oof_auc": 0.644203897064092,
  "cv_oof_brier": 0.23369297791971683,
  "cv_fold_aucs": [
    0.6955050005328811,
    0.5022481747415699,
    0.6176835248788874,
    0.6998062125773801,
    0.7114106277966031
  ],
  "cv_fold_auc_mean": 0.6453307081054642,
  "cv_fold_auc_std": 0.0788524877079257,
  "test_raw_auc": 0.6373213322609582,
  "test_raw_brier": 0.235029635181775,
  "test_raw_ece": 0.01940607764161362,
  "test_raw_n": 257177,
  "test_raw_pos_rate": 0.503734781881739,
  "test_calibrated_auc": 0.6372908327709985,
  "test_calibrated_brier": 0.23556949213744,
  "test_calibrated_ece": 0.025885292746589687,
  "test_calibrated_n": 257177,
  "test_calibrated_pos_rate": 0.503734781881739,
  "per_market_auc_min": 0.32282757471427664,
  "per_market_auc_max": 0.7544782133206441,
  "per_market_auc_mean": 0.6307103870860755,
  "n_features": 64,
  "n_train": 1114003,
  "n_test": 257177
}