{
  "model": "gaussian_nb",
  "fit_seconds": 0.0,
  "n_features": 34,
  "train": {
    "n": 202082,
    "positive_rate": 0.5178244475015092,
    "roc_auc": 0.5445015524905208,
    "pr_auc": 0.5577937803992739,
    "brier": 0.28593236172162684,
    "ece_15bin": 0.14674316232161122
  },
  "val": {
    "n": 13154,
    "positive_rate": 0.5099589478485632,
    "roc_auc": 0.5619190995659366,
    "pr_auc": 0.5546608375689728,
    "brier": 0.294874521855031,
    "ece_15bin": 0.1625621490327727
  },
  "test": {
    "n": 13414,
    "positive_rate": 0.5162516773520203,
    "roc_auc": 0.529168172964745,
    "pr_auc": 0.5572564923881471,
    "brier": 0.2892921180098012,
    "ece_15bin": 0.17671509139694866
  }
}