{
  "pc_0": -0.01705934271076111,
  "pc_1": -0.023246870188448582,
  "pc_2": -0.126683947724547,
  "pc_3": -0.04584099770273796,
  "pc_4": 0.009293211526697326,
  "pc_5": -0.21491965026168786,
  "pc_6": 0.017416204343496042,
  "pc_7": 0.09580686266751326,
  "pc_8": -0.0019716568936540375,
  "pc_9": 0.0613969753290995,
  "pc_10": -0.05916569196669633,
  "pc_11": -0.09211656998492024,
  "pc_12": 0.023914868958054673,
  "pc_13": -0.03853302026897756,
  "pc_14": 0.059849955824876656,
  "pc_15": -0.01066282462425006
}