{
  "elbow_k": 16,
  "k_max_searched": 50,
  "var_ratio": [
    0.17043938565734795,
    0.08649514502035632,
    0.06282278967009605,
    0.05320852518151366,
    0.049494874000801874,
    0.043096403896474636,
    0.03744570535543275,
    0.0324576173166752,
    0.030720358138470828,
    0.027013121001025747,
    0.024864621813857304,
    0.022186981382380885,
    0.019364566164354464,
    0.018121447470617273,
    0.017593578832779972,
    0.01698985945475851,
    0.015217392095839952,
    0.014719880853832593,
    0.01354286903986526,
    0.01292535887490329,
    0.012542251700918869,
    0.012476680695284991,
    0.0121870354122265,
    0.011761722883526447,
    0.011279918742734738,
    0.011064902596782526,
    0.010626657687324749,
    0.009862761245093358,
    0.009685425374233123,
    0.00854775941063805,
    0.008204305580446812,
    0.007750598802904256,
    0.0073590319184194865,
    0.006781515436161937,
    0.006447059474492272,
    0.0059420340570628906,
    0.005607477490002642,
    0.00541763385519376,
    0.005239601035638411,
    0.005151193622179696,
    0.004828384419346239,
    0.0044608708331837265,
    0.004262613256464334,
    0.0038370968169410546,
    0.0036992082231920432,
    0.003489530432672418,
    0.0031908422635236197,
    0.0029831340546459402,
    0.0027391334417120705,
    0.002503936043046263
  ],
  "cumvar": [
    0.17043938565734795,
    0.2569345306777043,
    0.31975732034780036,
    0.372965845529314,
    0.4224607195301159,
    0.4655571234265905,
    0.5030028287820233,
    0.5354604460986985,
    0.5661808042371693,
    0.593193925238195,
    0.6180585470520523,
    0.6402455284344332,
    0.6596100945987876,
    0.6777315420694049,
    0.6953251209021849,
    0.7123149803569434,
    0.7275323724527833,
    0.7422522533066159,
    0.7557951223464812,
    0.7687204812213845,
    0.7812627329223033,
    0.7937394136175883,
    0.8059264490298148,
    0.8176881719133412,
    0.8289680906560759,
    0.8400329932528584,
    0.8506596509401831,
    0.8605224121852765,
    0.8702078375595096,
    0.8787555969701476,
    0.8869599025505944,
    0.8947105013534987,
    0.9020695332719182,
    0.9088510487080801,
    0.9152981081825724,
    0.9212401422396352,
    0.9268476197296379,
    0.9322652535848317,
    0.9375048546204701,
    0.9426560482426498,
    0.947484432661996,
    0.9519453034951797,
    0.9562079167516441,
    0.9600450135685852,
    0.9637442217917772,
    0.9672337522244496,
    0.9704245944879732,
    0.9734077285426191,
    0.9761468619843312,
    0.9786507980273774
  ],
  "var_at_elbow": 0.7123149803569434,
  "var_at_k20": 0.7687204812213845
}