k,coherence,cv_macro_f1
2,,0.42857142857142855
3,,0.2222222222222222
4,,1.0
5,,
6,,
7,,
