{
  "model": "hist_gbm",
  "cv_oof_auc": 0.6430496572428956,
  "cv_fold_aucs": [
    0.6353525672109079,
    0.5548356075069645,
    0.6214310391041061,
    0.6971135780491328,
    0.7033519523547683
  ],
  "cv_fold_mean": 0.642416948845176,
  "cv_fold_std": 0.05452632601803352,
  "test_raw": {
    "auc": 0.561440174899865,
    "brier": 0.2464897832574984,
    "ece": 0.027965862467750933,
    "n": 257177,
    "pos_rate": 0.503734781881739
  },
  "n_train": 1114003,
  "n_test": 257177,
  "n_features": 43
}