{
  "outcome_yes": 0.19179356640049636,
  "side_buy": 0.0931709030277951,
  "pre_trade_price": 0.05808255485495709,
  "pre_trade_price_change_24h": 0.050509453176444424,
  "trade_size_vs_recent_avg": 0.04745616072376611,
  "pre_trade_price_change_1h": 0.044551249796957605,
  "log_payoff_if_correct": 0.0374271678725763,
  "contrarian_score": 0.03705391225965177,
  "risk_reward_ratio_pre": 0.036796918085154444,
  "pre_trade_price_change_5min": 0.03675442294539357,
  "kyle_lambda_market_static": 0.03562627762593001,
  "log_time_to_deadline_hours": 0.03525775729853572,
  "contrarian_strength": 0.02909879432306783,
  "trade_size_to_recent_volume_ratio": 0.028395784525928627,
  "is_long_shot_buy": 0.023435695920763097,
  "log_size": 0.019837576847109798,
  "pct_time_elapsed": 0.015624247296149363,
  "log_n_trades_to_date": 0.012051403608558608,
  "recent_price_mean_5min": 0.010636377376056034,
  "consensus_strength": 0.01007441809020382,
  "market_buy_share_running": 0.009249586414678318,
  "recent_price_high_1h": 0.008794816855179912,
  "distance_from_boundary": 0.007507794691079901,
  "recent_price_range_1h": 0.006956356215833658,
  "market_price_vol_last_24h": 0.006723981815210096,
  "log_recent_volume_24h": 0.006675792334480985,
  "implied_variance": 0.00661855080776283,
  "log_trade_count_24h": 0.00656250089268713,
  "recent_price_low_1h": 0.0053035802368031956,
  "log_taker_cumvol_in_market": 0.0044229484210497995,
  "recent_price_mean_24h": 0.0044031639462643575,
  "yes_volume_share_recent_1h": 0.004397130619013533,
  "log_taker_prior_trades_in_market": 0.003892166465733102,
  "is_within_5min_of_deadline": 0.0037359407820679092,
  "yes_volume_share_recent_5min": 0.0034408213701429967,
  "log_recent_volume_1h": 0.003330071010792416,
  "realized_vol_1h": 0.003250734172953044,
  "market_price_vol_last_5min": 0.0032272175841826928,
  "avg_trade_size_recent_1h": 0.003211104383456581,
  "recent_price_mean_1h": 0.003194703037767892,
  "market_price_vol_last_1h": 0.0031317726826119974,
  "is_within_1h_of_deadline": 0.0030795468718459416,
  "token_side_skew_5min": 0.003012227439724658,
  "taker_first_trade_in_market": 0.002836125465214295,
  "log_time_since_last_trade": 0.0027673654411590463,
  "log_same_block_trade_count": 0.0025832743503934447,
  "yes_buy_pressure_5min": 0.0024766099511569985,
  "order_flow_imbalance_5min": 0.0024486706601856137,
  "log_trade_count_1h": 0.002337352071498597,
  "jump_component_1h": 0.002254854750406926,
  "order_flow_imbalance_24h": 0.002219878157047443,
  "is_within_24h_of_deadline": 0.0021871265447577417,
  "log_maker_prior_trades_in_market": 0.00207370891520184,
  "signed_oi_autocorr_1h": 0.001563766312634484,
  "log_recent_volume_5min": 0.0010702522696017921,
  "log_trade_count_5min": 0.0009708723188996374,
  "order_flow_imbalance_1h": 0.0008638982461199293,
  "hour_of_day_sin": 0.0007765070543233987,
  "day_of_week_sin": 0.000759356859361215,
  "day_of_week_cos": 0.0007171615177962897,
  "sister_price_dispersion_5min": 0.0005568459717300039,
  "trade_intra_block_position": 0.00043882022112008793,
  "hour_of_day_cos": 0.00028975515450543004,
  "is_us_market_hours": 5.064666006711411e-05,
  "is_first_trade_after_quiet": 0.0
}