{
  "logreg_l2": {
    "fit_seconds": 1.9,
    "train_roc": 0.55527095885285,
    "val_roc": 0.5581177031292119,
    "test_roc": 0.5318906697421295,
    "train_pr": 0.5680571788854607,
    "val_pr": 0.5490514647823452,
    "test_pr": 0.5549939061107152,
    "train_brier": 0.2471362023026081,
    "val_brier": 0.2563215874723685,
    "test_brier": 0.2502768440162382,
    "train_ece": 0.020481640534243332,
    "val_ece": 0.050100384074397014,
    "test_ece": 0.04811563902550076
  },
  "logreg_l1": {
    "fit_seconds": 44.3,
    "train_roc": 0.5551537488930958,
    "val_roc": 0.5586492277201858,
    "test_roc": 0.5320864133860523,
    "train_pr": 0.5680408273326188,
    "val_pr": 0.5492155404274972,
    "test_pr": 0.5565884076674548,
    "train_brier": 0.24713749370048466,
    "val_brier": 0.25632189933284316,
    "test_brier": 0.2502618403625583,
    "train_ece": 0.02046440537067196,
    "val_ece": 0.049391319431092005,
    "test_ece": 0.05055452162790463
  },
  "random_forest": {
    "fit_seconds": 47.8,
    "train_roc": 0.957384011587392,
    "val_roc": 0.6056754051039311,
    "test_roc": 0.5223360610819865,
    "train_pr": 0.9599148498775901,
    "val_pr": 0.6068853586080604,
    "test_pr": 0.5479695958879058,
    "train_brier": 0.13340961237508414,
    "val_brier": 0.24025017075815297,
    "test_brier": 0.25623113464179154,
    "train_ece": 0.21392920661707163,
    "val_ece": 0.01314090354028615,
    "test_ece": 0.06285539193028235
  },
  "hist_gbm": {
    "fit_seconds": 16.3,
    "train_roc": 0.8428548075121319,
    "val_roc": 0.5996469846924248,
    "test_roc": 0.48325033255389716,
    "train_pr": 0.8584677921898712,
    "val_pr": 0.6000511275742703,
    "test_pr": 0.5321655089909774,
    "train_brier": 0.17568898953699488,
    "val_brier": 0.24761161110243218,
    "test_brier": 0.2854681183422234,
    "train_ece": 0.10240189132617915,
    "val_ece": 0.08046056438390835,
    "test_ece": 0.1553227130216618
  },
  "extra_trees": {
    "fit_seconds": 9.5,
    "train_roc": 0.8593783889299732,
    "val_roc": 0.5498250129371647,
    "test_roc": 0.5193649013353896,
    "train_pr": 0.870317150288472,
    "val_pr": 0.5629636978893854,
    "test_pr": 0.5429937006755932,
    "train_brier": 0.1912426815288552,
    "val_brier": 0.24751971929172337,
    "test_brier": 0.2509562265235521,
    "train_ece": 0.16730071655966253,
    "val_ece": 0.020031628104885433,
    "test_ece": 0.03774749711124918
  },
  "decision_tree": {
    "fit_seconds": 4.1,
    "train_roc": 0.7069246122476165,
    "val_roc": 0.49596541544811246,
    "test_roc": 0.4955397665474424,
    "train_pr": 0.7270052774977548,
    "val_pr": 0.49173416672624315,
    "test_pr": 0.5325674853210394,
    "train_brier": 0.21002532509741673,
    "val_brier": 0.30527957503129943,
    "test_brier": 0.27983100241249936,
    "train_ece": 0.014971640848234213,
    "val_ece": 0.18425951024817813,
    "test_ece": 0.14709813766393393
  },
  "gaussian_nb": {
    "fit_seconds": 0.0,
    "train_roc": 0.5445015524905208,
    "val_roc": 0.5619190995659366,
    "test_roc": 0.529168172964745,
    "train_pr": 0.5577937803992739,
    "val_pr": 0.5546608375689728,
    "test_pr": 0.5572564923881471,
    "train_brier": 0.28593236172162684,
    "val_brier": 0.294874521855031,
    "test_brier": 0.2892921180098012,
    "train_ece": 0.14674316232161122,
    "val_ece": 0.1625621490327727,
    "test_ece": 0.17671509139694866
  },
  "naive_market": {
    "fit_seconds": 0.0,
    "train_roc": 0.4547171971292099,
    "val_roc": 0.43001324613952596,
    "test_roc": 0.6314834935878713,
    "train_pr": 0.4851366970697365,
    "val_pr": 0.5127841323840878,
    "test_pr": 0.5789698764177267,
    "train_brier": 0.3916946831820456,
    "val_brier": 0.4813279162334046,
    "test_brier": 0.2879491154750077,
    "train_ece": 0.3336639983323601,
    "val_ece": 0.48209001011099295,
    "test_ece": 0.23235626957049502
  }
}