{
  "outcome_yes": 0.15198016841577272,
  "side_buy": 0.08075059099839942,
  "pre_trade_price": 0.06061026904835013,
  "pre_trade_price_change_24h": 0.045121277831841444,
  "contrarian_score": 0.04346317072550537,
  "contrarian_strength": 0.04186673710773363,
  "pre_trade_price_change_1h": 0.04083937787467102,
  "log_payoff_if_correct": 0.039714228579936665,
  "risk_reward_ratio_pre": 0.03604050706509753,
  "trade_size_vs_recent_avg": 0.035968769400553734,
  "pre_trade_price_change_5min": 0.033310979653155694,
  "log_time_to_deadline_hours": 0.03032816712364615,
  "taker_position_size_before_trade": 0.026646437796052816,
  "is_long_shot_buy": 0.023485287924764696,
  "trade_size_to_recent_volume_ratio": 0.022168941139050758,
  "log_size": 0.01667823013200751,
  "taker_directional_purity_in_market": 0.01568887708860349,
  "log_n_trades_to_date": 0.015168514419966988,
  "pct_time_elapsed": 0.013330920074331181,
  "log_taker_first_minutes_ago_in_market": 0.01312804412694672,
  "market_buy_share_running": 0.01268974213219963,
  "log_size_vs_taker_avg": 0.01170197784923242,
  "implied_variance": 0.009264919229390715,
  "distance_from_boundary": 0.009221727440192416,
  "recent_price_high_1h": 0.008968825857013842,
  "consensus_strength": 0.008798539110264512,
  "recent_price_mean_5min": 0.008448052233223298,
  "log_recent_volume_24h": 0.008434743601617967,
  "market_price_vol_last_24h": 0.007742605481424256,
  "log_trade_count_24h": 0.007723414110234094,
  "recent_price_low_1h": 0.0075888326328828835,
  "recent_price_range_1h": 0.007138298207808075,
  "log_time_since_last_trade": 0.005565570137907229,
  "recent_price_mean_24h": 0.005372501188065282,
  "realized_vol_1h": 0.005272479030394782,
  "log_taker_burst_5min": 0.004845428799973448,
  "yes_volume_share_recent_1h": 0.004825048591908381,
  "is_within_5min_of_deadline": 0.0042659322217451405,
  "log_taker_cumvol_in_market": 0.0042342201923357544,
  "log_taker_prior_trades_in_market": 0.0042053110681522675,
  "market_price_vol_last_1h": 0.003956314186799142,
  "avg_trade_size_recent_1h": 0.0038353699189844267,
  "is_within_1h_of_deadline": 0.0037942214753172586,
  "log_same_block_trade_count": 0.0035583171990414887,
  "market_price_vol_last_5min": 0.0035432671720688675,
  "log_recent_volume_1h": 0.00348454084577765,
  "token_side_skew_5min": 0.0034185677044266095,
  "is_within_24h_of_deadline": 0.0029929602432848352,
  "taker_first_trade_in_market": 0.002901057814546043,
  "recent_price_mean_1h": 0.0028980512559224547,
  "order_flow_imbalance_24h": 0.00287211824020318,
  "jump_component_1h": 0.002780381497206055,
  "log_trade_count_1h": 0.0027763849350132997,
  "yes_volume_share_recent_5min": 0.0027249752206653165,
  "order_flow_imbalance_5min": 0.002512799887114672,
  "log_taker_unique_markets_traded": 0.0024614863017751857,
  "log_taker_prior_trades_total": 0.0023679981030324555,
  "taker_yes_share_global": 0.0019957079876920273,
  "yes_buy_pressure_5min": 0.0019470062724268964,
  "log_taker_prior_volume_total_usd": 0.0017038240763847879,
  "log_maker_prior_trades_in_market": 0.0015647953767945321,
  "signed_oi_autocorr_1h": 0.0013757970516495208,
  "log_recent_volume_5min": 0.0011611447550954957,
  "day_of_week_sin": 0.0010947660296732698,
  "log_trade_count_5min": 0.0009984929800384193,
  "order_flow_imbalance_1h": 0.0009010244672139181,
  "day_of_week_cos": 0.0008279553729234061,
  "hour_of_day_sin": 0.0007294063284137975,
  "taker_traded_in_event_id_before": 0.00016691239927810926,
  "wallet_polygon_nonce_at_t": 1.2637675327508299e-05,
  "wallet_n_inbound_at_t": 1.2287500807745986e-05,
  "wallet_polygon_age_at_t_days": 9.564385700570326e-06,
  "wallet_log_polygon_nonce_at_t": 8.134886969080585e-06,
  "wallet_log_n_inbound_at_t": 7.669212255240618e-06,
  "days_from_first_usdc_to_t": 6.395597822618301e-06,
  "wallet_n_cex_deposits_at_t": 2.0495390571863406e-17,
  "wallet_cex_usdc_cumulative_at_t": 0.0,
  "wallet_enriched": 0.0,
  "wallet_funded_by_cex_scoped": 0.0,
  "wallet_log_cex_usdc_cum": 0.0
}