{
  "slope_a": -1.1025008439068549,
  "intercept_b": 0.5685237566669261,
  "train": {
    "residual_roc": 0.7908809128309064,
    "partial_corr_bc_vs_residual": 0.5027349694130353,
    "edge_mean": -0.0004162174075687801,
    "edge_std": 0.4287782958104685
  },
  "val": {
    "residual_roc": 0.5969225482430895,
    "partial_corr_bc_vs_residual": 0.1820315211789614
  },
  "test": {
    "residual_roc": 0.5910532959693522,
    "partial_corr_bc_vs_residual": 0.178656019510275,
    "edge_mean": -0.1316286315242567,
    "edge_std": 0.4090652256735861
  }
}