{
  "test_mse_mean": 2.0372138023376465,
  "test_mse_p95": 0.8122108489274974,
  "test_mse_p99": 2.1681939291954038,
  "epochs_trained": 40
}