{
  "model": "decision_tree",
  "fit_seconds": 4.1,
  "n_features": 34,
  "train": {
    "n": 202082,
    "positive_rate": 0.5178244475015092,
    "roc_auc": 0.7069246122476165,
    "pr_auc": 0.7270052774977548,
    "brier": 0.21002532509741673,
    "ece_15bin": 0.014971640848234213
  },
  "val": {
    "n": 13154,
    "positive_rate": 0.5099589478485632,
    "roc_auc": 0.49596541544811246,
    "pr_auc": 0.49173416672624315,
    "brier": 0.30527957503129943,
    "ece_15bin": 0.18425951024817813
  },
  "test": {
    "n": 13414,
    "positive_rate": 0.5162516773520203,
    "roc_auc": 0.4955397665474424,
    "pr_auc": 0.5325674853210394,
    "brier": 0.27983100241249936,
    "ece_15bin": 0.14709813766393393
  }
}