{
  "model": "logreg_l2",
  "fit_seconds": 1.9,
  "n_features": 34,
  "train": {
    "n": 202082,
    "positive_rate": 0.5178244475015092,
    "roc_auc": 0.55527095885285,
    "pr_auc": 0.5680571788854607,
    "brier": 0.2471362023026081,
    "ece_15bin": 0.020481640534243332
  },
  "val": {
    "n": 13154,
    "positive_rate": 0.5099589478485632,
    "roc_auc": 0.5581177031292119,
    "pr_auc": 0.5490514647823452,
    "brier": 0.2563215874723685,
    "ece_15bin": 0.050100384074397014
  },
  "test": {
    "n": 13414,
    "positive_rate": 0.5162516773520203,
    "roc_auc": 0.5318906697421295,
    "pr_auc": 0.5549939061107152,
    "brier": 0.2502768440162382,
    "ece_15bin": 0.04811563902550076
  }
}