{
  "predictions_source": "pontus/outputs/v2/modelling/stack_no_rf_cal/predictions_test.parquet",
  "overall_test": {
    "n": 13414,
    "roc_auc": 0.578827808015008,
    "pr_auc": 0.5907071299989333,
    "brier": 0.24984210729599
  },
  "wallet_seen_in_train": {
    "n": 0,
    "roc_auc": null,
    "pr_auc": null,
    "brier": null
  },
  "wallet_novel": {
    "n": 13414,
    "roc_auc": 0.578827808015008,
    "pr_auc": 0.5907071299989333,
    "brier": 0.24984210729599
  },
  "seen_share": 0.0,
  "delta_roc_seen_minus_novel": null
}