{
  "model": "pca_logreg",
  "cv_oof_auc": 0.555624143392226,
  "cv_fold_aucs": [
    0.5551160594184827,
    0.5221997772751059,
    0.5382668803126716,
    0.5774891174341583,
    0.5872057339379531
  ],
  "cv_fold_mean": 0.5560555136756744,
  "cv_fold_std": 0.02405520538641748,
  "test_raw": {
    "auc": 0.5346447889993886,
    "brier": 0.24950982580206008,
    "ece": 0.023975219343156023,
    "n": 257177,
    "pos_rate": 0.503734781881739
  },
  "n_train": 1114003,
  "n_test": 257177,
  "n_features": 43
}