{
  "model": "lightgbm",
  "cv_oof_auc": 0.6586069720203536,
  "cv_fold_aucs": [
    0.6457638686688951,
    0.5665163110880418,
    0.6399509493887271,
    0.7132526671756704,
    0.7237529940239862
  ],
  "cv_fold_mean": 0.6578473580690641,
  "cv_fold_std": 0.056957797412134276,
  "test_raw": {
    "auc": 0.5637615460635024,
    "brier": 0.2488958988408574,
    "ece": 0.04421488184539566,
    "n": 257177,
    "pos_rate": 0.503734781881739
  },
  "n_train": 1114003,
  "n_test": 257177,
  "n_features": 43
}