{
  "hist_gbm/general_ev": {
    "best": {
      "cost_floor": 0.2,
      "copycats": 1,
      "roi": 1.3114117722479521,
      "n_executed": 3970
    },
    "worst": {
      "cost_floor": 0.001,
      "copycats": 100,
      "roi": -0.07455000000000182,
      "n_executed": 2254
    },
    "headline_floor005_copy10": {
      "roi": 0.13838451437502353,
      "n_executed": 2099,
      "final_capital": 11383.845143750235
    },
    "roi_range_pct": [
      -7.455000000000182,
      131.1411772247952
    ]
  },
  "hist_gbm/top5pct_edge": {
    "best": {
      "cost_floor": 0.001,
      "copycats": 1,
      "roi": 0.2731997345954447,
      "n_executed": 601
    },
    "worst": {
      "cost_floor": 0.001,
      "copycats": 100,
      "roi": 0.005473433497787119,
      "n_executed": 277
    },
    "headline_floor005_copy10": {
      "roi": 0.10591878894111505,
      "n_executed": 918,
      "final_capital": 11059.18788941115
    },
    "roi_range_pct": [
      0.5473433497787119,
      27.31997345954447
    ]
  },
  "random_forest/general_ev": {
    "best": {
      "cost_floor": 0.2,
      "copycats": 1,
      "roi": 0.9327391562229838,
      "n_executed": 3696
    },
    "worst": {
      "cost_floor": 0.001,
      "copycats": 50,
      "roi": -0.054200000000001095,
      "n_executed": 2145
    },
    "headline_floor005_copy10": {
      "roi": 0.07390939220868095,
      "n_executed": 1832,
      "final_capital": 10739.09392208681
    },
    "roi_range_pct": [
      -5.420000000000109,
      93.27391562229838
    ]
  }
}