{
  "log_payoff_if_correct": 0.14363544009759288,
  "risk_reward_ratio_pre": 0.1321167046660594,
  "trade_size_vs_recent_avg": 0.0991518295936146,
  "trade_size_to_recent_volume_ratio": 0.06424520342126012,
  "log_size": 0.05582418467359889,
  "pre_trade_price_change_1h": 0.053782912181318226,
  "pre_trade_price": 0.04875374208519843,
  "pre_trade_price_change_5min": 0.04874406461786176,
  "pre_trade_price_change_24h": 0.04798806608329184,
  "log_size_vs_taker_avg": 0.03259874339724751,
  "log_n_trades_to_date": 0.016370373718899534,
  "recent_price_mean_5min": 0.014680213821552697,
  "log_time_to_deadline_hours": 0.012610460433964308,
  "consensus_strength": 0.01135431395095829,
  "recent_price_high_1h": 0.010935680226903608,
  "distance_from_boundary": 0.010630678117276108,
  "pct_time_elapsed": 0.01007243836334209,
  "implied_variance": 0.009673971897007918,
  "recent_price_range_1h": 0.009367994023173353,
  "log_taker_prior_trades_in_market": 0.009331086800948957,
  "log_taker_first_minutes_ago_in_market": 0.0091555360036327,
  "log_taker_cumvol_in_market": 0.008806379045107216,
  "log_recent_volume_24h": 0.008553254479316597,
  "recent_price_low_1h": 0.00826656525029546,
  "taker_first_trade_in_market": 0.008083079020026397,
  "market_price_vol_last_24h": 0.0080780926646737,
  "avg_trade_size_recent_1h": 0.007177437025826646,
  "log_same_block_trade_count": 0.006878560412122719,
  "log_taker_prior_trades_total": 0.00683334857944981,
  "log_recent_volume_1h": 0.006343506827521926,
  "recent_price_mean_1h": 0.0061909692498636325,
  "market_price_vol_last_5min": 0.006164423493382092,
  "log_taker_unique_markets_traded": 0.0058294531959692955,
  "log_time_since_last_trade": 0.005694023304995584,
  "log_taker_burst_5min": 0.0055711439500400264,
  "recent_price_mean_24h": 0.00515309758013756,
  "log_taker_prior_volume_total_usd": 0.004587937837362776,
  "market_price_vol_last_1h": 0.004503406451671325,
  "log_trade_count_24h": 0.004257567894203127,
  "log_maker_prior_trades_in_market": 0.004004376942403465,
  "realized_vol_1h": 0.003925361466412236,
  "signed_oi_autocorr_1h": 0.0033306843266378257,
  "is_within_5min_of_deadline": 0.0029101424953695476,
  "log_trade_count_1h": 0.00271393958104762,
  "jump_component_1h": 0.0026221257261935115,
  "is_within_1h_of_deadline": 0.002378877129531867,
  "hour_of_day_sin": 0.002287710477489505,
  "log_recent_volume_5min": 0.001990708076477249,
  "is_within_24h_of_deadline": 0.0017333951795006572,
  "log_trade_count_5min": 0.0017212261583059516,
  "day_of_week_sin": 0.0009217810602256521,
  "day_of_week_cos": 0.000684321308564551,
  "taker_traded_in_event_id_before": 0.0006212677738546959,
  "wallet_polygon_nonce_at_t": 3.194643939257832e-05,
  "wallet_polygon_age_at_t_days": 2.8433962967010897e-05,
  "days_from_first_usdc_to_t": 2.6502084985277535e-05,
  "wallet_log_n_inbound_at_t": 2.5363161183648528e-05,
  "wallet_n_inbound_at_t": 2.4854019907271452e-05,
  "wallet_log_polygon_nonce_at_t": 2.1098192880849168e-05,
  "wallet_cex_usdc_cumulative_at_t": 0.0,
  "wallet_enriched": 0.0,
  "wallet_funded_by_cex_scoped": 0.0,
  "wallet_log_cex_usdc_cum": 0.0,
  "wallet_n_cex_deposits_at_t": 0.0
}