{
  "model": "random_forest",
  "cv_oof_auc": 0.7778541507575317,
  "cv_oof_brier": 0.1912145672861338,
  "cv_fold_aucs": [
    0.793057365735212,
    0.5363457966309122,
    0.7679590211122377,
    0.8760361260273485,
    0.9184195641606931
  ],
  "cv_fold_auc_mean": 0.7783635747332808,
  "cv_fold_auc_std": 0.13270446458085172,
  "test_raw_auc": 0.734082947062728,
  "test_raw_brier": 0.20518854418805024,
  "test_raw_ece": 0.04922722397282247,
  "test_raw_n": 257177,
  "test_raw_pos_rate": 0.503734781881739,
  "test_calibrated_auc": 0.7341335570761996,
  "test_calibrated_brier": 0.20048495766455918,
  "test_calibrated_ece": 0.04443748088804754,
  "test_calibrated_n": 257177,
  "test_calibrated_pos_rate": 0.503734781881739,
  "per_market_auc_min": 0.25861288884760303,
  "per_market_auc_max": 0.9523522352570422,
  "per_market_auc_mean": 0.6768764728998086,
  "n_features": 64,
  "n_train": 1114003,
  "n_test": 257177
}