{
  "model": "random_forest",
  "cv_oof_auc": 0.8667320608854554,
  "cv_oof_brier": 0.1551431801475413,
  "cv_fold_aucs": [
    0.8180772654238716,
    0.5133539198604528,
    0.9982679716425295,
    0.9981393338367517,
    0.9858391446775168
  ],
  "cv_fold_auc_mean": 0.8627355270882244,
  "cv_fold_auc_std": 0.18757377368724643,
  "test_raw_auc": 0.8949194082187594,
  "test_raw_brier": 0.15339383272330012,
  "test_raw_ece": 0.13973496715314518,
  "test_raw_n": 257177,
  "test_raw_pos_rate": 0.503734781881739,
  "test_calibrated_auc": 0.8837977926504467,
  "test_calibrated_brier": 0.13752339467289462,
  "test_calibrated_ece": 0.04611309231225889,
  "test_calibrated_n": 257177,
  "test_calibrated_pos_rate": 0.503734781881739,
  "per_market_auc_min": 0.03196662880318813,
  "per_market_auc_max": 0.9999706617187814,
  "per_market_auc_mean": 0.8924320601263863,
  "n_features": 65,
  "n_train": 1114003,
  "n_test": 257177
}