{
  "model": "mlp_sklearn",
  "cv_oof_auc": 0.6318925309365744,
  "cv_fold_aucs": [
    0.6185748493850793,
    0.5504219342765448,
    0.6150938019684039,
    0.6803623321158385,
    0.6947704999803668
  ],
  "cv_fold_mean": 0.6318446835452466,
  "cv_fold_std": 0.05176864925330682,
  "test_raw": {
    "auc": 0.5496210701359618,
    "brier": 0.26205925189132656,
    "ece": 0.10063948068979102,
    "n": 257177,
    "pos_rate": 0.503734781881739
  },
  "n_train": 1114003,
  "n_test": 257177,
  "n_features": 43
}