{
  "train": {
    "edge_mean": -0.015838824658187263,
    "edge_std": 0.3590991790054076,
    "roc_of_edge": 0.554133736777196,
    "roc_of_abs_edge": 0.4843538520492055,
    "partial_r": 0.10118781851102042,
    "roc_of_edge_residual": 0.5513156123736124
  },
  "val": {
    "edge_mean": -0.008840687112993165,
    "edge_std": 0.4017159094466692,
    "roc_of_edge": 0.6149030679350547,
    "roc_of_abs_edge": 0.4825171587414623,
    "partial_r": 0.10507225999840569,
    "roc_of_edge_residual": 0.5913562255930698
  },
  "test": {
    "edge_mean": -0.08879156181985631,
    "edge_std": 0.4021893891325331,
    "roc_of_edge": 0.381338438334688,
    "roc_of_abs_edge": 0.40688536501371664,
    "partial_r": 0.05946656869285672,
    "roc_of_edge_residual": 0.5339370097576961
  }
}