{
  "model": "decision_tree",
  "cv_oof_auc": 0.6085558312622539,
  "cv_fold_aucs": [
    0.5943686080697259,
    0.5395607623800669,
    0.5895884238989106,
    0.6618905039102265,
    0.6523953905624928
  ],
  "cv_fold_mean": 0.6075607377642845,
  "cv_fold_std": 0.04490635274616812,
  "test_raw": {
    "auc": 0.5419080502546882,
    "brier": 0.2529340365103119,
    "ece": 0.04232657738143094,
    "n": 257177,
    "pos_rate": 0.503734781881739
  },
  "n_train": 1114003,
  "n_test": 257177,
  "n_features": 43
}