{
  "general_ev": {
    "slippage_00pct": {
      "edge_threshold": 0.02,
      "ttd_max_sec": null,
      "mip_max": null,
      "slippage_frac": 0.0,
      "stake_usd": 100.0,
      "mip_floor": 0.05,
      "triggers": 13398,
      "wins": 4474,
      "hit_rate": 0.33393043737871325,
      "total_pnl_usd": 4818842.043579971,
      "mean_pnl_per_trigger": 359.66875978354767,
      "sharpe_per_trade": 0.4771700648681537,
      "max_drawdown_usd": -7300.0
    },
    "slippage_02pct": {
      "edge_threshold": 0.02,
      "ttd_max_sec": null,
      "mip_max": null,
      "slippage_frac": 0.02,
      "stake_usd": 100.0,
      "mip_floor": 0.05,
      "triggers": 13398,
      "wins": 4474,
      "hit_rate": 0.33393043737871325,
      "total_pnl_usd": 4772751.023117619,
      "mean_pnl_per_trigger": 356.2286179368278,
      "sharpe_per_trade": 0.47471737852434664,
      "max_drawdown_usd": -7300.0
    },
    "slippage_03pct": {
      "edge_threshold": 0.02,
      "ttd_max_sec": null,
      "mip_max": null,
      "slippage_frac": 0.03,
      "stake_usd": 100.0,
      "mip_floor": 0.05,
      "triggers": 13398,
      "wins": 4474,
      "hit_rate": 0.33393043737871325,
      "total_pnl_usd": 4750376.7413397785,
      "mean_pnl_per_trigger": 354.5586461665755,
      "sharpe_per_trade": 0.4735011608038111,
      "max_drawdown_usd": -7300.0
    },
    "slippage_05pct": {
      "edge_threshold": 0.02,
      "ttd_max_sec": null,
      "mip_max": null,
      "slippage_frac": 0.05,
      "stake_usd": 100.0,
      "mip_floor": 0.05,
      "triggers": 13398,
      "wins": 4474,
      "hit_rate": 0.33393043737871325,
      "total_pnl_usd": 4706859.089123783,
      "mean_pnl_per_trigger": 351.3105753936246,
      "sharpe_per_trade": 0.47108983428071416,
      "max_drawdown_usd": -7300.0
    }
  },
  "home_run": {
    "slippage_00pct": {
      "edge_threshold": 0.2,
      "ttd_max_sec": 21600,
      "mip_max": 0.3,
      "slippage_frac": 0.0,
      "stake_usd": 100.0,
      "mip_floor": 0.05,
      "triggers": 1191,
      "wins": 424,
      "hit_rate": 0.35600335852225024,
      "total_pnl_usd": 624576.0652495972,
      "mean_pnl_per_trigger": 524.4131530223318,
      "sharpe_per_trade": 0.5984407400371731,
      "max_drawdown_usd": -1800.0
    },
    "slippage_02pct": {
      "edge_threshold": 0.2,
      "ttd_max_sec": 21600,
      "mip_max": 0.3,
      "slippage_frac": 0.02,
      "stake_usd": 100.0,
      "mip_floor": 0.05,
      "triggers": 1191,
      "wins": 424,
      "hit_rate": 0.35600335852225024,
      "total_pnl_usd": 620974.573774115,
      "mean_pnl_per_trigger": 521.3892307087447,
      "sharpe_per_trade": 0.5968093937436516,
      "max_drawdown_usd": -1800.0
    },
    "slippage_03pct": {
      "edge_threshold": 0.2,
      "ttd_max_sec": 21600,
      "mip_max": 0.3,
      "slippage_frac": 0.03,
      "stake_usd": 100.0,
      "mip_floor": 0.05,
      "triggers": 1191,
      "wins": 424,
      "hit_rate": 0.35600335852225024,
      "total_pnl_usd": 619226.2769413566,
      "mean_pnl_per_trigger": 519.921307255547,
      "sharpe_per_trade": 0.5959948702705452,
      "max_drawdown_usd": -1800.0
    },
    "slippage_05pct": {
      "edge_threshold": 0.2,
      "ttd_max_sec": 21600,
      "mip_max": 0.3,
      "slippage_frac": 0.05,
      "stake_usd": 100.0,
      "mip_floor": 0.05,
      "triggers": 1191,
      "wins": 424,
      "hit_rate": 0.35600335852225024,
      "total_pnl_usd": 615829.5859519974,
      "mean_pnl_per_trigger": 517.0693416893346,
      "sharpe_per_trade": 0.5943698009492275,
      "max_drawdown_usd": -1800.0
    }
  }
}