{
  "model": "random_forest",
  "cv_oof_auc": 0.6303406704512763,
  "cv_fold_aucs": [
    0.6276739937359106,
    0.5465011829197235,
    0.6067000361043438,
    0.6838440488508286,
    0.6857279316699028
  ],
  "cv_fold_mean": 0.6300894386561419,
  "cv_fold_std": 0.052009797240471244,
  "test_raw": {
    "auc": 0.5553463689312603,
    "brier": 0.24555977105724455,
    "ece": 0.013878540317578148,
    "n": 257177,
    "pos_rate": 0.503734781881739
  },
  "n_train": 1114003,
  "n_test": 257177,
  "n_features": 43
}