{
  "winner": "stack_no_rf",
  "calibrator": "platt",
  "meta_all_coefs": {
    "logreg": -0.7235724866577292,
    "rf": 6.211974046230107,
    "mlp": 1.4564792628178658,
    "intercept": -3.5080887562908813
  },
  "meta_no_rf_coefs": {
    "logreg": 0.09288689047596965,
    "mlp": 3.97588718407566,
    "intercept": -1.9700394426342385
  },
  "val_roc_stack_all": 0.5035016723493984,
  "val_roc_stack_no_rf": 0.5096735139744506,
  "val_cv_ece_iso_stack_all": 0.05018475446484713,
  "val_cv_ece_platt_stack_all": 0.044501943273828753,
  "val_cv_ece_iso_stack_no_rf": 0.06771164015514623,
  "val_cv_ece_platt_stack_no_rf": 0.04284960295525849
}