{
  "runtime_min": 11.1,
  "feature_count": 36,
  "cohorts": {
    "train_rows": 202082,
    "val_rows": 13154,
    "test_rows": 13414,
    "train_wallets": 28974
  },
  "test_roc": {
    "logreg": 0.5734704607018931,
    "rf": 0.5438095126826682,
    "mlp": 0.5787015738380921,
    "stack_all_raw": 0.5388201304846356,
    "stack_no_rf_raw": 0.5788277968881522,
    "stack_all_cal": 0.5403239806548488,
    "stack_no_rf_cal": 0.578827808015008,
    "stack_chosen": 0.5403239806548488
  },
  "stacking_winner": "stack_all",
  "test_roc_ci95": [
    0.5265602985325668,
    0.556444648609034
  ],
  "residual_edge_partial_corr_test": 0.178656019510275,
  "calibrator": "isotonic",
  "pnl_kelly_home_run": Infinity,
  "pnl_clipped_home_run": 617872.9478375915,
  "permutation_top3": [
    {
      "feature": "size_vs_market_cumvol_pct",
      "mean_drop": 0.04646573034341901
    },
    {
      "feature": "market_price_vol_last_1h",
      "mean_drop": 0.037770396917948146
    },
    {
      "feature": "wallet_prior_win_rate_causal",
      "mean_drop": 0.03607971485878447
    }
  ],
  "magamyman_flagged_rows": 2
}