{
  "pre_trade_price_change_1h": 0.21063033571863113,
  "log_size": 0.20703634178771776,
  "trade_size_vs_recent_avg": 0.16878278996798574,
  "log_payoff_if_correct": 0.10841860238147798,
  "pre_trade_price_change_5min": 0.052392448096728717,
  "log_n_trades_to_date": 0.05171390003809132,
  "consensus_strength": 0.043742821685530446,
  "avg_trade_size_recent_1h": 0.03860263472876597,
  "pct_time_elapsed": 0.02616162987371898,
  "log_time_to_deadline_hours": 0.017490281932576054,
  "pre_trade_price": 0.01375697089356926,
  "pre_trade_price_change_24h": 0.011491635558987882,
  "log_recent_volume_24h": 0.008193043190867208,
  "market_price_vol_last_24h": 0.007937776625122876,
  "recent_price_mean_24h": 0.006374747412457562,
  "risk_reward_ratio_pre": 0.0052106062731901055,
  "recent_price_high_1h": 0.004513476771785088,
  "log_trade_count_24h": 0.003711257445007773,
  "recent_price_mean_5min": 0.002106290112787328,
  "log_time_since_last_trade": 0.0016221032909178857,
  "log_taker_prior_trades_in_market": 0.0015542076946691286,
  "log_size_vs_taker_avg": 0.0014645889973861946,
  "recent_price_range_1h": 0.0013672598893573345,
  "implied_variance": 0.0013187195926356184,
  "log_taker_unique_markets_traded": 0.001085819619121982,
  "day_of_week_sin": 0.001048402520345683,
  "log_recent_volume_1h": 0.0007913884266023154,
  "market_price_vol_last_1h": 0.00040368572506942977,
  "log_taker_first_minutes_ago_in_market": 0.0003316449875995191,
  "log_taker_burst_5min": 0.00021935507843072238,
  "hour_of_day_sin": 0.00015438822692977097,
  "market_price_vol_last_5min": 0.00010783425658668896,
  "recent_price_mean_1h": 7.817544182313623e-05,
  "log_taker_prior_trades_total": 7.536737175318658e-05,
  "log_taker_cumvol_in_market": 5.495676330011446e-05,
  "recent_price_low_1h": 5.020949835048734e-05,
  "signed_oi_autocorr_1h": 4.302124121631518e-06,
  "day_of_week_cos": 0.0,
  "days_from_first_usdc_to_t": 0.0,
  "distance_from_boundary": 0.0,
  "is_within_1h_of_deadline": 0.0,
  "is_within_24h_of_deadline": 0.0,
  "is_within_5min_of_deadline": 0.0,
  "jump_component_1h": 0.0,
  "log_maker_prior_trades_in_market": 0.0,
  "log_recent_volume_5min": 0.0,
  "log_same_block_trade_count": 0.0,
  "log_taker_prior_volume_total_usd": 0.0,
  "log_trade_count_1h": 0.0,
  "log_trade_count_5min": 0.0,
  "realized_vol_1h": 0.0,
  "taker_first_trade_in_market": 0.0,
  "taker_traded_in_event_id_before": 0.0,
  "trade_size_to_recent_volume_ratio": 0.0,
  "wallet_cex_usdc_cumulative_at_t": 0.0,
  "wallet_enriched": 0.0,
  "wallet_funded_by_cex_scoped": 0.0,
  "wallet_log_cex_usdc_cum": 0.0,
  "wallet_log_n_inbound_at_t": 0.0,
  "wallet_log_polygon_nonce_at_t": 0.0,
  "wallet_n_cex_deposits_at_t": 0.0,
  "wallet_n_inbound_at_t": 0.0,
  "wallet_polygon_age_at_t_days": 0.0,
  "wallet_polygon_nonce_at_t": 0.0
}