{
  "kyle_lambda_market_static": 0.3042378188602276,
  "log_time_to_deadline_hours": 0.23549591407282697,
  "pre_trade_price_change_24h": 0.16356996361426815,
  "outcome_yes": 0.1189464062418232,
  "contrarian_score": 0.04737370647571324,
  "pre_trade_price_change_1h": 0.04693758093457715,
  "side_buy": 0.02482122567942131,
  "pre_trade_price_change_5min": 0.02147270043569359,
  "consensus_strength": 0.01895562175754884,
  "trade_size_vs_recent_avg": 0.007741148752363751,
  "pre_trade_price": 0.007698985993903921,
  "log_n_trades_to_date": 0.002727268427951012,
  "recent_price_high_1h": 2.0866438879441205e-05,
  "recent_price_mean_24h": 6.566955846932221e-07,
  "realized_vol_1h": 1.3561820222557896e-07,
  "hour_of_day_sin": 9.512412347031212e-13,
  "log_taker_prior_trades_in_market": 1.7529417317126252e-14,
  "market_price_vol_last_1h": 1.5596640059995362e-14,
  "sister_price_dispersion_5min": 1.4805709205977046e-14,
  "recent_price_range_1h": 6.9329953891141405e-15,
  "implied_variance": 3.905882555367218e-15,
  "recent_price_mean_1h": 3.2167387975891035e-15,
  "day_of_week_cos": 1.0601365884537527e-15,
  "distance_from_boundary": 3.6109732953026176e-16,
  "yes_volume_share_recent_5min": 2.6173047059848553e-16,
  "log_taker_cumvol_in_market": 1.747787219251497e-17,
  "log_size": 0.0,
  "pct_time_elapsed": 0.0,
  "log_time_since_last_trade": 0.0,
  "is_first_trade_after_quiet": 0.0,
  "is_within_24h_of_deadline": 0.0,
  "is_within_1h_of_deadline": 0.0,
  "is_within_5min_of_deadline": 0.0,
  "hour_of_day_cos": 0.0,
  "day_of_week_sin": 0.0,
  "is_us_market_hours": 0.0,
  "market_buy_share_running": 0.0,
  "log_recent_volume_5min": 0.0,
  "log_recent_volume_1h": 0.0,
  "log_recent_volume_24h": 0.0,
  "log_trade_count_5min": 0.0,
  "log_trade_count_1h": 0.0,
  "log_trade_count_24h": 0.0,
  "market_price_vol_last_5min": 0.0,
  "market_price_vol_last_24h": 0.0,
  "order_flow_imbalance_5min": 0.0,
  "order_flow_imbalance_1h": 0.0,
  "order_flow_imbalance_24h": 0.0,
  "trade_size_to_recent_volume_ratio": 0.0,
  "avg_trade_size_recent_1h": 0.0,
  "recent_price_mean_5min": 0.0,
  "recent_price_low_1h": 0.0,
  "yes_volume_share_recent_1h": 0.0,
  "yes_buy_pressure_5min": 0.0,
  "token_side_skew_5min": 0.0,
  "is_long_shot_buy": 0.0,
  "contrarian_strength": 0.0,
  "log_payoff_if_correct": 0.0,
  "risk_reward_ratio_pre": 0.0,
  "jump_component_1h": 0.0,
  "signed_oi_autocorr_1h": 0.0,
  "log_same_block_trade_count": 0.0,
  "trade_intra_block_position": 0.0,
  "taker_first_trade_in_market": 0.0,
  "log_maker_prior_trades_in_market": 0.0
}