{
  "model": "decision_tree",
  "cv_oof_auc": 0.7849710176172885,
  "cv_oof_brier": 0.19095923998635336,
  "cv_fold_aucs": [
    0.7106828807355138,
    0.5748946932865927,
    0.7621755583636283,
    0.8992663030234274,
    0.9281840671662158
  ],
  "cv_fold_auc_mean": 0.7750407005150756,
  "cv_fold_auc_std": 0.1290354649905738,
  "test_raw_auc": 0.7314261482504718,
  "test_raw_brier": 0.20567424399369008,
  "test_raw_ece": 0.060064879275994916,
  "test_raw_n": 257177,
  "test_raw_pos_rate": 0.503734781881739,
  "test_calibrated_auc": 0.7149981596205887,
  "test_calibrated_brier": 0.20480467654306328,
  "test_calibrated_ece": 0.03344082410555248,
  "test_calibrated_n": 257177,
  "test_calibrated_pos_rate": 0.503734781881739,
  "per_market_auc_min": 0.3180839276541806,
  "per_market_auc_max": 0.9610967584969115,
  "per_market_auc_mean": 0.6650153363918307,
  "n_features": 64,
  "n_train": 1114003,
  "n_test": 257177
}