{
  "model": "logreg_l1",
  "cv_oof_auc": 0.5691217116954712,
  "cv_fold_aucs": [
    0.5808118131049873,
    0.5238273060413182,
    0.5471612688380741,
    0.5965130161045109,
    0.6084144173745986
  ],
  "cv_fold_mean": 0.5713455642926978,
  "cv_fold_std": 0.03143238896414011,
  "test_raw": {
    "auc": 0.5435916074519349,
    "brier": 0.24913006436912796,
    "ece": 0.026787275728652065,
    "n": 257177,
    "pos_rate": 0.503734781881739
  },
  "n_train": 1114003,
  "n_test": 257177,
  "n_features": 43
}