{
  "model": "logreg_l2",
  "cv_oof_auc": 0.5691513949556368,
  "cv_fold_aucs": [
    0.5808884124881418,
    0.5237254021849668,
    0.5471645126052669,
    0.59665314677599,
    0.6084634916225907
  ],
  "cv_fold_mean": 0.5713789931353912,
  "cv_fold_std": 0.03150135782640586,
  "test_raw": {
    "auc": 0.5436351481273112,
    "brier": 0.24912744308082183,
    "ece": 0.02680116985505059,
    "n": 257177,
    "pos_rate": 0.503734781881739
  },
  "n_train": 1114003,
  "n_test": 257177,
  "n_features": 43
}