{
  "model": "naive_market",
  "note": "p_hat = market_implied_prob (plan \u00a75.4 reference)",
  "train": {
    "n": 202082,
    "positive_rate": 0.5178244475015092,
    "roc_auc": 0.4547171971292099,
    "pr_auc": 0.4851366970697365,
    "brier": 0.3916946831820456,
    "ece_15bin": 0.3336639983323601
  },
  "val": {
    "n": 13154,
    "positive_rate": 0.5099589478485632,
    "roc_auc": 0.43001324613952596,
    "pr_auc": 0.5127841323840878,
    "brier": 0.4813279162334046,
    "ece_15bin": 0.48209001011099295
  },
  "test": {
    "n": 13414,
    "positive_rate": 0.5162516773520203,
    "roc_auc": 0.6314834935878713,
    "pr_auc": 0.5789698764177267,
    "brier": 0.2879491154750077,
    "ece_15bin": 0.23235626957049502
  }
}