{
  "0x09cbe3e796661a1d820580145488ad2ccb9ad1e720efcd64b448bb77b97007c1": {
    "index": 0,
    "question": "US strikes Iran by February 27, 2026?",
    "embedding": [
      -0.10410623997449875,
      -0.3289910852909088,
      -0.41252830624580383,
      0.18987149000167847
    ],
    "l2_norm": 0.5703542828559875
  },
  "0x168959e2c7e997109d9bb7b6dd4c51d8a4f4fb0d8a65eb2b034d29e1240b15e1": {
    "index": 1,
    "question": "US strikes Iran by February 25, 2026?",
    "embedding": [
      -0.27808940410614014,
      -0.4002252221107483,
      -0.4849279820919037,
      0.30251210927963257
    ],
    "l2_norm": 0.751120924949646
  },
  "0x3488f31e6449f9803f99a8b5dd232c7ad883637f1c86e6953305a2ef19c77f20": {
    "index": 2,
    "question": "US strikes Iran by February 28, 2026?",
    "embedding": [
      0.2604929804801941,
      0.46814972162246704,
      0.5815204977989197,
      -0.24823029339313507
    ],
    "l2_norm": 0.8287370800971985
  },
  "0x680efda99a9c43cae7a318972ec3156a6b100b48a43d12478bcbcea85eb58ed7": {
    "index": 3,
    "question": "US strikes Iran by February 26, 2026?",
    "embedding": [
      -0.18507009744644165,
      -0.3843066096305847,
      -0.5484987497329712,
      0.21403782069683075
    ],
    "l2_norm": 0.7270526885986328
  }
}