{
  "train_maskB": {
    "n": 202082,
    "positive_rate": 0.5178244475015092,
    "roc_auc": 0.5957308616757839,
    "pr_auc": 0.6196996136854671,
    "brier": 0.24207596480846405,
    "ece_15bin": 0.041139212640297886
  },
  "train_maskA_fit_upper_bound": {
    "n": 202082,
    "positive_rate": 0.5178244475015092,
    "roc_auc": 0.6877640409376923,
    "pr_auc": 0.7072416523756918,
    "brier": 0.22145190834999084,
    "ece_15bin": 0.0295908019218594
  },
  "val_maskB": {
    "n": 13154,
    "positive_rate": 0.5099589478485632,
    "roc_auc": 0.6054926335404944,
    "pr_auc": 0.5800552559584102,
    "brier": 0.24833720922470093,
    "ece_15bin": 0.04724141097828232
  },
  "test_maskB": {
    "n": 13414,
    "positive_rate": 0.5162516773520203,
    "roc_auc": 0.5817849034161116,
    "pr_auc": 0.6236592639842911,
    "brier": 0.25207534432411194,
    "ece_15bin": 0.08520746512419891
  }
}