{
  "n_classes": 74,
  "residualised_top1": 0.9805152863499355,
  "residualised_top5": 0.9951916176259509,
  "baseline_top1_random": 0.013513513513513514,
  "baseline_top5_random": 0.06756756756756757,
  "residualised_top1_uplift_x": 72.55813118989522,
  "residualised_top5_uplift_x": 14.728835940864073,
  "raw_top1": 0.49956939859336874,
  "raw_top1_uplift_x": 36.96813549590929,
  "reduction_vs_raw": -0.4809458877565667,
  "remaining_uplift_x_after_residualisation": 72.55813118989522
}