{
  "slope_a": -1.0454285243471777,
  "intercept_b": 0.525021083961988,
  "train": {
    "residual_roc": 0.5927305909730302,
    "partial_corr_bc_vs_residual": 0.1777601333698452,
    "edge_mean": -0.014467008791863165,
    "edge_std": 0.3825189695726061
  },
  "val": {
    "residual_roc": 0.5876521816675797,
    "partial_corr_bc_vs_residual": 0.1301232505005646
  },
  "test": {
    "residual_roc": 0.6070272769301895,
    "partial_corr_bc_vs_residual": 0.19761762331367294,
    "edge_mean": -0.1434813527313458,
    "edge_std": 0.3953471455295147
  }
}