{
  "winner": "stack_all",
  "calibrator": "isotonic",
  "meta_all_coefs": {
    "logreg": -2.484511292230159,
    "rf": 5.090524821770181,
    "mlp": 0.9122556253334322,
    "intercept": -1.7684510570019312
  },
  "meta_no_rf_coefs": {
    "logreg": 0.04635493206583647,
    "mlp": 4.106937939018624,
    "intercept": -1.9728873773585345
  },
  "val_roc_stack_all": 0.6246612262119444,
  "val_roc_stack_no_rf": 0.6040338838080722,
  "val_cv_ece_iso_stack_all": 0.03861341525952419,
  "val_cv_ece_platt_stack_all": 0.03984047351067657,
  "val_cv_ece_iso_stack_no_rf": 0.07283779128145089,
  "val_cv_ece_platt_stack_no_rf": 0.07003518934859108
}