{
  "model": "hist_gbm",
  "fit_seconds": 16.3,
  "n_features": 34,
  "train": {
    "n": 202082,
    "positive_rate": 0.5178244475015092,
    "roc_auc": 0.8428548075121319,
    "pr_auc": 0.8584677921898712,
    "brier": 0.17568898953699488,
    "ece_15bin": 0.10240189132617915
  },
  "val": {
    "n": 13154,
    "positive_rate": 0.5099589478485632,
    "roc_auc": 0.5996469846924248,
    "pr_auc": 0.6000511275742703,
    "brier": 0.24761161110243218,
    "ece_15bin": 0.08046056438390835
  },
  "test": {
    "n": 13414,
    "positive_rate": 0.5162516773520203,
    "roc_auc": 0.48325033255389716,
    "pr_auc": 0.5321655089909774,
    "brier": 0.2854681183422234,
    "ece_15bin": 0.1553227130216618
  }
}