{
  "model": "random_forest",
  "fit_seconds": 47.8,
  "n_features": 34,
  "train": {
    "n": 202082,
    "positive_rate": 0.5178244475015092,
    "roc_auc": 0.957384011587392,
    "pr_auc": 0.9599148498775901,
    "brier": 0.13340961237508414,
    "ece_15bin": 0.21392920661707163
  },
  "val": {
    "n": 13154,
    "positive_rate": 0.5099589478485632,
    "roc_auc": 0.6056754051039311,
    "pr_auc": 0.6068853586080604,
    "brier": 0.24025017075815297,
    "ece_15bin": 0.01314090354028615
  },
  "test": {
    "n": 13414,
    "positive_rate": 0.5162516773520203,
    "roc_auc": 0.5223360610819865,
    "pr_auc": 0.5479695958879058,
    "brier": 0.25623113464179154,
    "ece_15bin": 0.06285539193028235
  }
}